username,bonus_template_name,amount_deposited,num_deposits,num_bets,all_stake_total
BETR27946762,WOODS230222_Ajax,1411,85,85,21
BETR86787948,,20,1,1,1
BETR38746559,WOODS230222_Ajax,125,10,10,16
BETR88947852,WOODS230222_Ajax,450,45,45,90.21
BETR72385288,WOODS230222_Ajax,1900,95,95,104.78
BETR72662556,WOODS230222_Ajax,4095,504,504,640
BETR24277272,WOODS230222_Ajax,100,5,5,5
BETR28869633,WOODS230222_Ajax,140,7,7,20
BETR32384597,WOODS230222_Ajax,20,1,1,1
BETR74759278,WOODS230222_Ajax,40,2,2,20
BETR83249463,WOODS230222_Ajax,780,39,39,82.89
BETR32288895,WOODS230222_Ajax,20,1,1,1
BETR53864436,WOODS230222_Ajax,225,9,9,26.1
BETR45243782,WOODS230222_Ajax,20,1,1,1
BETR32329666,WOODS230222_Ajax,287,23,23,23
BETR69798879,WOODS230222_Ajax,20,1,1,1
BETR44777257,WOODS230222_Ajax,60,3,3,20
BETR66965540,WOODS230222_Ajax,20,1,1,1
BETR57997888,WOODS230222_Ajax,200,4,4,4
BETR87999630,WOODS230222_Ajax,120,6,6,20
BETR86846461,WOODS230222_Ajax,20,1,1,1
BETR95566541,WOODS230222_Ajax,320,16,16,39.58
BETR45769442,WOODS230222_Ajax,480,16,16,54.45
BETR76465870,WOODS230222_Ajax,1300,52,52,81.28
BETR68987540,WOODS230222_Ajax,120,6,6,20
BETR98674533,WOODS230222_Ajax,280,14,14,30
BETR98344733,WOODS230222_Ajax,120,6,6,20
BETR32244259,WOODS230222_Ajax,120,6,6,30
BETR23484381,WOODS230222_Ajax,40,2,2,20
BETR47638937,WOODS230222_Ajax,80,4,4,15
BETR28626762,WOODS230222_Ajax,100,5,5,20
BETR42363926,WOODS230222_Ajax,100,5,5,20
BETR95854426,WOODS230222_Ajax,40,2,2,20
BETR66384273,WOODS230222_Ajax,20,1,1,1
BETR53357594,WOODS230222_Ajax,2760,276,276,129.03
BETR26866740,WOODS230222_Ajax,84,4,4,6
BETR73239689,WOODS230222_Ajax,60,3,3,20
BETR26677667,WOODS230222_Ajax,60,3,3,11
BETR52439963,WOODS230222_Ajax,20,1,1,1
BETR54865227,WOODS230222_Ajax,60,3,3,20
BETR39865839,WOODS230222_Ajax,950,57,57,156.96
BETR59682898,WOODS230222_Ajax,6240,312,312,169.34
BETR75867422,WOODS230222_Ajax,20,1,1,1
BETR69586933,WOODS230222_Ajax,1710,114,114,16.32
BETR26274644,WOODS230222_Ajax,684,27,27,12
BETR73947256,WOODS230222_Ajax,420,21,21,28
BETR73478798,WOODS230222_Ajax,60,3,3,7
BETR84377226,WOODS230222_Ajax,768,24,24,12
BETR89632566,WOODS230222_Ajax,20,1,1,1
BETR89989431,WOODS230222_Ajax,20,1,1,1
BETR43369682,WOODS230222_Ajax,20,1,1,1
BETR47347747,WOODS230222_Ajax,20,1,1,1
BETR78243469,WOODS230222_Ajax,640,32,32,10
BETR79594638,WOODS230222_Ajax,2436,84,84,186.8
BETR97652242,WOODS230222_Ajax,75,3,3,3
BETR84655799,WOODS230222_Ajax,12720,636,636,933.51
BETR23522830,WOODS230222_Ajax,150,3,3,16
BETR88399873,WOODS230222_Ajax,20,1,1,1
BETR75896873,WOODS230222_Ajax,80,4,4,4
BETR68538520,WOODS230222_Ajax,400,8,8,50
BETR32479767,WOODS230222_Ajax,13640,308,308,784.21
BETR39772359,WOODS230222_Ajax,320,16,16,3
BETR82392498,WOODS230222_Ajax,40,2,2,20
BETR85963657,WOODS230222_Ajax,130,3,3,3
BETR42579334,WOODS230222_Ajax,380,19,19,20
BETR62447934,WOODS230222_Ajax,160,8,8,19
BETR24858280,WOODS230222_Ajax,1080,32,32,400
BETR72999263,WOODS230222_Ajax,20,1,1,1
BETR27595557,WOODS230222_Ajax,720,36,36,40
BETR79723533,WOODS230222_Ajax,3500,35,35,100
BETR42632572,WOODS230222_Ajax,2295,119,119,248.5
BETR82627347,WOODS230222_Ajax,60,3,3,11
BETR83345455,WOODS230222_Ajax,1440,108,108,135
BETR48998573,WOODS230222_Ajax,200,10,10,7.19
BETR44488757,WOODS230222_Ajax,60,3,3,19
BETR47232685,WOODS230222_Ajax,2480,124,124,111.36
BETR56728766,WOODS230222_Ajax,60,3,3,20
BETR57968635,WOODS230222_Ajax,1080,54,54,25
BETR88265482,WOODS230222_Ajax,48825,620,620,302.76
BETR37897641,WOODS230222_Ajax,220,11,11,30
BETR58927945,WOODS230222_Ajax,20,1,1,1
BETR32392981,WOODS230222_Ajax,20,1,1,1
BETR48576498,WOODS230222_Ajax,111,6,6,6
BETR94735542,WOODS230222_Ajax,200,10,10,20
BETR47345644,WOODS230222_Ajax,500,30,30,9
BETR69588272,WOODS230222_Ajax,5280,264,264,630.06
BETR83646477,WOODS230222_Ajax,60,1,1,1
BETR45589699,WOODS230222_Ajax,80,4,4,20
BETR37847950,WOODS230222_Ajax,140,7,7,20
BETR27547327,WOODS230222_Ajax,20,1,1,1
BETR26793534,WOODS230222_Ajax,2100,63,63,45.72
BETR55943832,WOODS230222_Ajax,20,1,1,1
BETR99382949,WOODS230222_Ajax,180,9,9,38.59
BETR49626383,WOODS230222_Ajax,20,1,1,1
BETR28482450,WOODS230222_Ajax,1930,70,70,260.05
BETR48726589,WOODS230222_Ajax,20,1,1,1
BETR82839221,WOODS230222_Ajax,1140,57,57,54.36
BETR69973559,WOODS230222_Ajax,160,8,8,47.92
BETR49638690,WOODS230222_Ajax,20,1,1,1
BETR28337873,WOODS230222_Ajax,20,1,1,1
BETR63529752,WOODS230222_Ajax,40,2,2,3
BETR27225256,WOODS230222_Ajax,320,16,16,32
BETR62998849,WOODS230222_Ajax,160,8,8,20
BETR47735728,WOODS230222_Ajax,460,23,23,25
BETR73558735,WOODS230222_Ajax,20,1,1,1
BETR89556466,WOODS230222_Ajax,325,20,20,20
BETR34663874,WOODS230222_Ajax,20,1,1,1
BETR53262256,WOODS230222_Ajax,5800,232,232,340.58
BETR26635322,WOODS230222_Ajax,440,40,40,120
BETR79487541,WOODS230222_Ajax,40,2,2,11
BETR42347940,WOODS230222_Ajax,160,8,8,78.44
BETR29664336,WOODS230222_Ajax,180,9,9,20
BETR53977693,WOODS230222_Ajax,260,13,13,25
BETR38635273,WOODS230222_Ajax,1215,108,108,176.08
BETR24344554,WOODS230222_Ajax,20,1,1,1
BETR55258622,WOODS230222_Ajax,20,1,1,1
BETR28543298,WOODS230222_Ajax,7260,110,110,813.4
BETR54894371,WOODS230222_Ajax,20,1,1,1
BETR86525441,WOODS230222_Ajax,620,31,31,43.01
BETR77767621,WOODS230222_Ajax,100,8,8,30
BETR48682847,WOODS230222_Ajax,40,2,2,19
BETR38238825,WOODS230222_Ajax,5440,510,510,501.66
BETR74454722,WOODS230222_Ajax,51,2,2,2
BETR27972594,WOODS230222_Ajax,100,5,5,20
BETR86259889,WOODS230222_Ajax,40,2,2,3
BETR65283782,WOODS230222_Ajax,50,4,4,4
BETR79836264,WOODS230222_Ajax,1000,50,50,393.59
BETR67668945,WOODS230222_Ajax,6350,170,170,255
BETR59256242,WOODS230222_Ajax,60,3,3,20
BETR22232563,WOODS230222_Ajax,20,1,1,1
BETR48325584,WOODS230222_Ajax,40,2,2,2
BETR77366763,WOODS230222_Ajax,280,7,7,40
BETR83524591,WOODS230222_Ajax,6290,204,204,444
BETR52844453,WOODS230222_Ajax,105,5,5,27
BETR27973683,WOODS230222_Ajax,20,1,1,1
BETR34693376,WOODS230222_Ajax,100,5,5,10
BETR64696569,WOODS230222_Ajax,420,28,28,104
BETR43474393,WOODS230222_Ajax,40,2,2,20
BETR66482849,WOODS230222_Ajax,9266,820,820,1568.3
BETR47829274,WOODS230222_Ajax,20,1,1,1
BETR84565555,WOODS230222_Ajax,95,3,3,3
BETR26987971,WOODS230222_Ajax,800,32,32,80
BETR46297647,WOODS230222_Ajax,60,3,3,10
BETR36835392,WOODS230222_Ajax,60,3,3,20
BETR38894427,WOODS230222_Ajax,60,3,3,20
BETR77244429,WOODS230222_Ajax,40,2,2,19
BETR45543998,WOODS230222_Ajax,60,3,3,6
BETR55935677,WOODS230222_Ajax,480,24,24,10
BETR23743433,WOODS230222_Ajax,325,13,13,30
BETR92265799,WOODS230222_Ajax,440,22,22,68.05
BETR85275279,WOODS230222_Ajax,460,23,23,36
BETR92545778,WOODS230222_Ajax,80,4,4,20
BETR79735796,WOODS230222_Ajax,260,13,13,13
BETR37528521,WOODS230222_Ajax,98735,1456,1456,1311.84
BETR84567979,WOODS230222_Ajax,50,2,2,4
BETR77487598,WOODS230222_Ajax,20,1,1,1
BETR43722937,WOODS230222_Ajax,20,1,1,1
BETR44278495,WOODS230222_Ajax,5265,312,312,1322.16
BETR74353346,WOODS230222_Ajax,320,16,16,12
BETR39488540,WOODS230222_Ajax,600,30,30,29
BETR92752855,WOODS230222_Ajax,1260,144,144,88
BETR34887331,WOODS230222_Ajax,1080,54,54,17.19
BETR48339352,WOODS230222_Ajax,910,52,52,140
BETR77756526,WOODS230222_Ajax,285,24,24,160
BETR73228997,WOODS230222_Ajax,120,6,6,6
BETR43258832,WOODS230222_Ajax,40,2,2,20
BETR73838585,WOODS230222_Ajax,210,9,9,18.96
BETR32933849,WOODS230222_Ajax,60,3,3,7
BETR42452583,WOODS230222_Ajax,8455,623,623,3713.92
BETR47223843,WOODS230222_Ajax,660,9,9,60
BETR24525663,WOODS230222_Ajax,20,1,1,1
BETR28779598,WOODS230222_Ajax,60,2,2,11
BETR74794491,WOODS230222_Ajax,200,5,5,40
BETR78947961,WOODS230222_Ajax,1520,76,76,179.92
BETR45265333,WOODS230222_Ajax,100,5,5,11
BETR59858422,WOODS230222_Ajax,5490,366,366,186
BETR67368982,WOODS230222_Ajax,120,6,6,20
BETR82223532,WOODS230222_Ajax,5544,88,88,452.1
BETR29676988,WOODS230222_Ajax,40,2,2,20
BETR56799322,WOODS230222_Ajax,180,9,9,20
BETR73243457,WOODS230222_Ajax,1180,59,59,61.25
BETR26328958,WOODS230222_Ajax,21,1,1,1
BETR75589935,WOODS230222_Ajax,200,4,4,4
BETR25994895,WOODS230222_Ajax,560,40,40,131.25
BETR28396252,WOODS230222_Ajax,39,2,2,2
BETR63465548,WOODS230222_Ajax,150,5,5,21
BETR24792652,WOODS230222_Ajax,1430,78,78,6.78
BETR62765885,WOODS230222_Ajax,165,6,6,6
BETR86977349,WOODS230222_Ajax,100,3,3,3
BETR53435766,WOODS230222_Ajax,20,1,1,1
BETR38453686,WOODS230222_Ajax,39,2,2,2
BETR38463296,WOODS230222_Ajax,1130,40,40,180
BETR62627527,WOODS230222_Ajax,160,8,8,26
BETR54332569,WOODS230222_Ajax,920,46,46,354.88
BETR48243468,WOODS230222_Ajax,40,2,2,20
BETR66854646,WOODS230222_Ajax,2640,180,180,1124.28
BETR85829670,WOODS230222_Ajax,420,24,24,6.8
BETR76563842,WOODS230222_Ajax,20,1,1,1
BETR32792637,WOODS230222_Ajax,200,10,10,80
BETR93668698,WOODS230222_Ajax,660,15,15,105
BETR88259832,WOODS230222_Ajax,3000,375,375,166.3
BETR62999747,WOODS230222_Ajax,60,3,3,7
BETR33436233,WOODS230222_Ajax,480,24,24,40
BETR76696281,WOODS230222_Ajax,140,7,7,8.7
BETR79453249,WOODS230222_Ajax,925,27,27,27
BETR43326920,WOODS230222_Ajax,150,6,6,16
BETR27226796,WOODS230222_Ajax,20,1,1,1
BETR93766394,WOODS230222_Ajax,240,12,12,35.95
BETR98884673,WOODS230222_Ajax,20,1,1,1
BETR57789650,WOODS230222_Ajax,231,11,11,69.5
BETR68528477,WOODS230222_Ajax,60,3,3,20
BETR93535624,WOODS230222_Ajax,116,6,6,60
BETR35598885,WOODS230222_Ajax,40,2,2,20
BETR42853342,WOODS230222_Ajax,1500,100,100,40
BETR95659243,WOODS230222_Ajax,40,2,2,20
BETR23643252,WOODS230222_Ajax,20,1,1,1
BETR68398230,WOODS230222_Ajax,20,1,1,1
BETR73498277,WOODS230222_Ajax,410,15,15,135
BETR46469549,WOODS230222_Ajax,37136,2532,2532,3463.68
BETR36526856,WOODS230222_Ajax,1860,93,93,23
BETR94784786,WOODS230222_Ajax,390,18,18,33
BETR65358398,WOODS230222_Ajax,20,1,1,1
BETR47962735,WOODS230222_Ajax,20,1,1,1
BETR96853237,WOODS230222_Ajax,60,3,3,20
BETR87325392,WOODS230222_Ajax,58,3,3,3
BETR86628531,WOODS230222_Ajax,9120,288,288,766.8
BETR44739729,WOODS230222_Ajax,10440,1392,1392,161.6
BETR86267853,WOODS230222_Ajax,600,30,30,20
BETR96257998,WOODS230222_Ajax,330,15,15,96
BETR86974782,WOODS230222_Ajax,572,44,44,24
BETR52299673,WOODS230222_Ajax,400,20,20,20
BETR84947467,WOODS230222_Ajax,180,9,9,20
BETR25945866,WOODS230222_Ajax,400,20,20,90
BETR98766856,WOODS230222_Ajax,160,8,8,7.38
BETR25679228,WOODS230222_Ajax,22100,255,255,2790
BETR85936453,WOODS230222_Ajax,30,3,3,3
BETR87252575,WOODS230222_Ajax,20,1,1,1
BETR26837283,WOODS230222_Ajax,180,9,9,20
BETR57878255,WOODS230222_Ajax,20,1,1,1
BETR86659443,WOODS230222_Ajax,55,3,3,3
BETR63346823,WOODS230222_Ajax,20,1,1,1
BETR27663331,WOODS230222_Ajax,60,3,3,20
BETR67465353,WOODS230222_Ajax,40,2,2,2
BETR73425372,WOODS230222_Ajax,165,4,4,4
BETR56922720,WOODS230222_Ajax,680,12,12,120
BETR23274548,WOODS230222_Ajax,280,14,14,37
BETR89982227,WOODS230222_Ajax,335,22,22,22
BETR68759765,WOODS230222_Ajax,80,4,4,42
BETR82427664,WOODS230222_Ajax,80,4,4,13
BETR93945775,WOODS230222_Ajax,40,2,2,2
BETR86856323,WOODS230222_Ajax,20,1,1,1
BETR54749350,WOODS230222_Ajax,40,2,2,6
BETR44574498,WOODS230222_Ajax,160,6,6,6
BETR89982654,WOODS230222_Ajax,2580,172,172,136.34
BETR97493272,WOODS230222_Ajax,160,8,8,30
BETR73246731,WOODS230222_Ajax,260,13,13,35
BETR65244660,WOODS230222_Ajax,40,2,2,2
BETR79664973,WOODS230222_Ajax,40,2,2,6
BETR49879574,WOODS230222_Ajax,600,10,10,240
BETR93533934,WOODS230222_Ajax,16510,508,508,700.44
BETR32952635,WOODS230222_Ajax,180,9,9,16
BETR45563637,WOODS230222_Ajax,20,1,1,1
BETR36559724,WOODS230222_Ajax,20,1,1,1
BETR39933828,WOODS230222_Ajax,1600,96,96,66.15
BETR67875763,WOODS230222_Ajax,120,6,6,20
BETR56335445,WOODS230222_Ajax,12410,935,935,2103.31
BETR32527758,WOODS230222_Ajax,30,1,1,1
BETR78797252,WOODS230222_Ajax,1080,72,72,92.8
BETR57269282,WOODS230222_Ajax,1500,75,75,51.75
BETR45983787,WOODS230222_Ajax,160,8,8,28.2
BETR22876934,WOODS230222_Ajax,200,2,2,2
BETR59345830,WOODS230222_Ajax,740,37,37,35
BETR45749949,WOODS230222_Ajax,75,6,6,40
BETR25653884,WOODS230222_Ajax,60,3,3,10
BETR29459260,WOODS230222_Ajax,220,8,8,8
BETR85484459,WOODS230222_Ajax,120,6,6,20
BETR99748837,WOODS230222_Ajax,20,1,1,1
BETR94267852,WOODS230222_Ajax,40,2,2,20
BETR84668362,WOODS230222_Ajax,275,11,11,25
BETR77426962,WOODS230222_Ajax,40,2,2,20
BETR44859236,WOODS230222_Ajax,700,20,20,417.08
BETR84987456,WOODS230222_Ajax,240,12,12,30
BETR44934957,WOODS230222_Ajax,1240,62,62,121.86
BETR97665747,WOODS230222_Ajax,40,2,2,6
BETR92358422,WOODS230222_Ajax,2016,63,63,820.78
BETR32323596,WOODS230222_Ajax,140,7,7,27
BETR29634490,WOODS230222_Ajax,3360,168,168,379.08
BETR88495520,WOODS230222_Ajax,40,2,2,6
BETR99282591,WOODS230222_Ajax,200,16,16,40
BETR86395938,WOODS230222_Ajax,11176,704,704,790.4
BETR47937931,WOODS230222_Ajax,30,2,2,2
BETR38939371,WOODS230222_Ajax,40,2,2,2
BETR27725831,WOODS230222_Ajax,20,1,1,1
BETR37867934,WOODS230222_Ajax,39,2,2,2
BETR93368581,WOODS230222_Ajax,20,1,1,1
BETR76629357,WOODS230222_Ajax,1974,60,60,140
BETR76879288,WOODS230222_Ajax,100,1,1,1
BETR66376636,WOODS230222_Ajax,20,1,1,1
BETR58535447,WOODS230222_Ajax,700,35,35,33.99
BETR35687558,WOODS230222_Ajax,220,11,11,14
BETR35927838,WOODS230222_Ajax,340,17,17,8
BETR87328256,WOODS230222_Ajax,117,6,6,78
BETR56942766,WOODS230222_Ajax,20,1,1,1
BETR67825270,WOODS230222_Ajax,270,15,15,30
BETR97288335,WOODS230222_Ajax,20,1,1,1
BETR47679534,WOODS230222_Ajax,20,1,1,1
BETR23855655,WOODS230222_Ajax,30740,116,116,3422
BETR95672877,WOODS230222_Ajax,1715,56,56,48
BETR72448686,WOODS230222_Ajax,5865,483,483,403.2
BETR65596455,WOODS230222_Ajax,100,6,6,6
BETR97454662,WOODS230222_Ajax,20,1,1,1
BETR77862722,WOODS230222_Ajax,20,1,1,1
BETR33377949,WOODS230222_Ajax,7120,356,356,66.76
BETR48625585,WOODS230222_Ajax,350,7,7,50
BETR32757582,WOODS230222_Ajax,648,54,54,51
BETR97838479,WOODS230222_Ajax,100,5,5,6
BETR37752445,WOODS230222_Ajax,250,9,9,9
BETR46382565,WOODS230222_Ajax,120,15,15,30
BETR87643380,WOODS230222_Ajax,40,2,2,2
BETR62753240,WOODS230222_Ajax,3773,154,154,108.4
BETR46475656,WOODS230222_Ajax,400,20,20,37.5
BETR62435788,WOODS230222_Ajax,20,1,1,1
BETR94649580,WOODS230222_Ajax,1085,14,14,310
BETR79727272,WOODS230222_Ajax,20,1,1,1
BETR94273792,WOODS230222_Ajax,240,12,12,12
BETR48868463,WOODS230222_Ajax,420,21,21,11.86
BETR52936547,WOODS230222_Ajax,140,7,7,33
BETR58362982,WOODS230222_Ajax,783,54,54,216
BETR49935959,WOODS230222_Ajax,250,20,20,50
BETR92944526,WOODS230222_Ajax,600,3,3,10
BETR47749350,WOODS230222_Ajax,1620,90,90,375
BETR96457329,WOODS230222_Ajax,40,2,2,11
BETR55574371,WOODS230222_Ajax,40,2,2,2
BETR93674644,WOODS230222_Ajax,240,12,12,35
BETR54325356,WOODS230222_Ajax,45981,624,624,2832
BETR75793462,WOODS230222_Ajax,21,1,1,1
BETR72322870,WOODS230222_Ajax,29000,280,280,2800
BETR52762382,WOODS230222_Ajax,3020,151,151,30
BETR53755239,WOODS230222_Ajax,20,1,1,1
BETR59823482,WOODS230222_Ajax,20,1,1,1
BETR88492987,WOODS230222_Ajax,20,1,1,1
BETR86327724,WOODS230222_Ajax,160,8,8,160
BETR53272453,WOODS230222_Ajax,20,1,1,1
BETR76439833,WOODS230222_Ajax,185,10,10,40
BETR96279525,WOODS230222_Ajax,40,2,2,20
BETR45885869,WOODS230222_Ajax,20,1,1,1
BETR23699488,WOODS230222_Ajax,70,2,2,2
BETR87798738,WOODS230222_Ajax,425,17,17,39.38
BETR55824568,WOODS230222_Ajax,850,34,34,76.46
BETR48998320,WOODS230222_Ajax,240,12,12,20
BETR92274586,WOODS230222_Ajax,2140,107,107,166.39
BETR88426791,WOODS230222_Ajax,20,1,1,1
BETR63844848,WOODS230222_Ajax,20,1,1,1
BETR94848976,WOODS230222_Ajax,25,1,1,1
BETR86775976,WOODS230222_Ajax,100,8,8,50
BETR63996820,WOODS230222_Ajax,20,1,1,1
BETR26322826,WOODS230222_Ajax,20,1,1,1
BETR92843232,WOODS230222_Ajax,1600,80,80,184
BETR67736446,WOODS230222_Ajax,360,24,24,26
BETR85679336,WOODS230222_Ajax,30,2,2,2
BETR79239898,WOODS230222_Ajax,520,26,26,160.44
BETR33866658,WOODS230222_Ajax,20,1,1,1
BETR33773949,WOODS230222_Ajax,40,2,2,2
BETR88858585,WOODS230222_Ajax,10500,21,21,962
BETR98864828,WOODS230222_Ajax,1890,21,21,810.15
BETR78275781,WOODS230222_Ajax,260,3,3,3
BETR58592891,WOODS230222_Ajax,120,6,6,20.2
BETR34723523,WOODS230222_Ajax,1380,92,92,75.3
BETR63586786,WOODS230222_Ajax,25,1,1,1
BETR44242557,WOODS230222_Ajax,1600,40,40,55
BETR99345425,WOODS230222_Ajax,60,2,2,2
BETR65262749,WOODS230222_Ajax,9100,520,520,1640.32
BETR62646382,WOODS230222_Ajax,380,19,19,41
BETR24275643,WOODS230222_Ajax,910,52,52,124
BETR23984539,WOODS230222_Ajax,84,4,4,42
BETR68757952,WOODS230222_Ajax,20,1,1,1
BETR59568833,WOODS230222_Ajax,420,21,21,45.9
BETR42926480,WOODS230222_Ajax,180,9,9,20
BETR56296487,WOODS230222_Ajax,20,1,1,1
BETR69355539,WOODS230222_Ajax,10965,387,387,264.3
BETR59853588,WOODS230222_Ajax,40,2,2,20
BETR95622841,WOODS230222_Ajax,280,14,14,14
BETR85353847,WOODS230222_Ajax,62820,1140,1140,2522.63
BETR46282254,WOODS230222_Ajax,400,20,20,26
BETR74454425,WOODS230222_Ajax,109339,4611,4611,16389.06
BETR32473659,WOODS230222_Ajax,100,5,5,3
BETR49783277,WOODS230222_Ajax,140,7,7,10
BETR42823871,WOODS230222_Ajax,20,1,1,1
BETR75783470,WOODS230222_Ajax,90360,15060,15060,9487.8
BETR79262698,WOODS230222_Ajax,2320,116,116,166.28
BETR99974380,WOODS230222_Ajax,120,6,6,6
BETR54799942,WOODS230222_Ajax,552,18,18,33
BETR55427356,WOODS230222_Ajax,80,4,4,20
BETR62254822,WOODS230222_Ajax,2320,116,116,17
BETR78387699,WOODS230222_Ajax,20,1,1,1
BETR37493645,WOODS230222_Ajax,400,16,16,25
BETR62453898,WOODS230222_Ajax,160,8,8,2
BETR27638353,WOODS230222_Ajax,440,22,22,16.78
BETR92585224,WOODS230222_Ajax,480,24,24,122
BETR54366366,WOODS230222_Ajax,60,3,3,14
BETR95949269,WOODS230222_Ajax,20,1,1,1
BETR29374273,WOODS230222_Ajax,160,8,8,12
BETR83854742,WOODS230222_Ajax,20,1,1,1
BETR44832864,WOODS230222_Ajax,120,6,6,54
BETR49834269,WOODS230222_Ajax,85,2,2,2
BETR46353633,WOODS230222_Ajax,180,9,9,60
BETR93324624,WOODS230222_Ajax,20,1,1,1
BETR55883831,WOODS230222_Ajax,40,2,2,20
BETR94775531,WOODS230222_Ajax,100,5,5,20
BETR66848584,WOODS230222_Ajax,20,1,1,1
BETR75637582,WOODS230222_Ajax,186,12,12,40
BETR33375921,WOODS230222_Ajax,40,2,2,20
BETR97567768,WOODS230222_Ajax,7421,410,410,405
BETR89652465,WOODS230222_Ajax,798,38,38,17.5
BETR49643687,WOODS230222_Ajax,300,15,15,17.16
BETR37933578,WOODS230222_Ajax,80,4,4,37.42
BETR82275746,WOODS230222_Ajax,202,2,2,101
BETR45937995,WOODS230222_Ajax,260,13,13,115.6
BETR66539673,WOODS230222_Ajax,209646,12654,12654,10048.46
BETR92648929,WOODS230222_Ajax,20,1,1,1
BETR94463452,WOODS230222_Ajax,9570,462,462,822.5
BETR86395549,WOODS230222_Ajax,80,4,4,20
BETR42946792,WOODS230222_Ajax,120,6,6,12
BETR62728644,WOODS230222_Ajax,240,12,12,17.45
BETR22874343,WOODS230222_Ajax,20,1,1,1
BETR38275462,WOODS230222_Ajax,620,31,31,152.62
BETR34292630,WOODS230222_Ajax,46284,2128,2128,1743.12
BETR27537380,WOODS230222_Ajax,175,10,10,62.14
BETR43692834,WOODS230222_Ajax,20,1,1,1
BETR67956547,WOODS230222_Ajax,1040,52,52,73.98
BETR68234798,WOODS230222_Ajax,700,35,35,105
BETR32632575,WOODS230222_Ajax,40,2,2,6
BETR66583225,WOODS230222_Ajax,440,30,30,18
BETR24532852,WOODS230222_Ajax,20,1,1,1
BETR95786871,WOODS230222_Ajax,20,1,1,1
BETR48839296,WOODS230222_Ajax,200,10,10,40
BETR22684393,WOODS230222_Ajax,70,6,6,18
BETR62982824,WOODS230222_Ajax,1190,70,70,200
BETR48467994,WOODS230222_Ajax,120,12,12,30
BETR22647336,WOODS230222_Ajax,20,1,1,1
BETR54385978,WOODS230222_Ajax,100,5,5,31
BETR25959276,WOODS230222_Ajax,1540,44,44,100
BETR89376422,WOODS230222_Ajax,120,6,6,25.88
BETR87327563,WOODS230222_Ajax,220,11,11,15
BETR77748996,WOODS230222_Ajax,1400,70,70,30
BETR88895870,WOODS230222_Ajax,8840,340,340,400
BETR35488544,WOODS230222_Ajax,75,3,3,5
BETR54956482,WOODS230222_Ajax,20,1,1,1
BETR83269867,WOODS230222_Ajax,40,2,2,20
BETR55789935,WOODS230222_Ajax,1092,6,6,6
BETR24476354,WOODS230222_Ajax,40,2,2,20
BETR88893937,WOODS230222_Ajax,40,2,2,6
BETR85772785,WOODS230222_Ajax,40,2,2,20
BETR26796238,WOODS230222_Ajax,7050,200,200,562
BETR34724827,WOODS230222_Ajax,14400,1280,1280,643.92
BETR49683690,WOODS230222_Ajax,320,16,16,35
BETR25783581,WOODS230222_Ajax,21320,287,287,4028.92
BETR45992772,WOODS230222_Ajax,7440,93,93,33.33
BETR87966946,WOODS230222_Ajax,100,5,5,20
BETR43486334,WOODS230222_Ajax,1800,90,90,481.15
BETR49356525,WOODS230222_Ajax,770,20,20,20
BETR56475844,WOODS230222_Ajax,20,1,1,1
BETR68447433,WOODS230222_Ajax,240,12,12,49.52
BETR52665225,WOODS230222_Ajax,20,1,1,1
BETR69487988,WOODS230222_Ajax,20,1,1,1
BETR47322393,WOODS230222_Ajax,16895,872,872,1867.36
BETR52949967,WOODS230222_Ajax,160,8,8,20
BETR63652757,WOODS230222_Ajax,120,6,6,20
BETR72878940,WOODS230222_Ajax,60,3,3,3
BETR79358971,WOODS230222_Ajax,6800,340,340,195.36
BETR46696648,WOODS230222_Ajax,80,4,4,20
BETR56544373,WOODS230222_Ajax,220,11,11,20
BETR42599264,WOODS230222_Ajax,80,4,4,20
BETR46987296,WOODS230222_Ajax,7920,264,264,96.45
BETR98793951,WOODS230222_Ajax,20,1,1,1
BETR29577421,WOODS230222_Ajax,8190,810,810,905.67
BETR92982627,WOODS230222_Ajax,140,7,7,11
BETR25626246,WOODS230222_Ajax,620,31,31,20
BETR59676538,WOODS230222_Ajax,16860,720,720,312
BETR54474757,WOODS230222_Ajax,720,18,18,47.1
BETR66868964,WOODS230222_Ajax,60,3,3,11
BETR46245273,WOODS230222_Ajax,160,8,8,14.51
BETR47266765,WOODS230222_Ajax,20,1,1,1
BETR45593528,WOODS230222_Ajax,300,15,15,20
BETR34794585,WOODS230222_Ajax,177,6,6,40
BETR29576554,WOODS230222_Ajax,640,80,80,200
BETR57824351,WOODS230222_Ajax,30,2,2,2
BETR65748762,WOODS230222_Ajax,14256,319,319,782.71
BETR66225231,WOODS230222_Ajax,20,1,1,1
BETR54386449,WOODS230222_Ajax,20,1,1,1
BETR93379945,WOODS230222_Ajax,3040,80,80,330
BETR23694230,WOODS230222_Ajax,400,20,20,70
BETR99245893,WOODS230222_Ajax,180,9,9,15
BETR49933948,WOODS230222_Ajax,300,12,12,10.88
BETR67525347,WOODS230222_Ajax,280,14,14,23.73
BETR77733978,WOODS230222_Ajax,1740,116,116,223.72
BETR69597571,WOODS230222_Ajax,80,4,4,20
BETR76787842,WOODS230222_Ajax,240,12,12,11
BETR43829551,WOODS230222_Ajax,80,4,4,4
BETR72444428,WOODS230222_Ajax,20,1,1,1
BETR55584332,WOODS230222_Ajax,360,12,12,16
BETR57557723,WOODS230222_Ajax,40,2,2,20
BETR77649750,WOODS230222_Ajax,20,1,1,1
BETR86789270,WOODS230222_Ajax,580,29,29,50.51
BETR52985866,WOODS230222_Ajax,40,2,2,2
BETR48424898,WOODS230222_Ajax,160,8,8,38.06
BETR74668587,WOODS230222_Ajax,20,1,1,1
BETR74956691,WOODS230222_Ajax,5060,66,66,1836
BETR55837230,WOODS230222_Ajax,175,14,14,32
BETR96397953,WOODS230222_Ajax,539,33,33,102
BETR79835946,WOODS230222_Ajax,20,1,1,1
BETR63674650,WOODS230222_Ajax,20,1,1,1
BETR99977466,WOODS230222_Ajax,350,10,10,138.24
BETR54338585,WOODS230222_Ajax,8280,1104,1104,537.72
BETR98383282,WOODS230222_Ajax,1485,44,44,75.2
BETR98679460,WOODS230222_Ajax,380,3,3,3
BETR34784630,WOODS230222_Ajax,2880,144,144,32.84
BETR89736776,WOODS230222_Ajax,160,8,8,25
BETR65364955,WOODS230222_Ajax,700,21,21,75
BETR62379969,WOODS230222_Ajax,20,1,1,1
BETR88475591,WOODS230222_Ajax,1600,80,80,185
BETR42885251,WOODS230222_Ajax,250,10,10,100
BETR88743560,WOODS230222_Ajax,200,8,8,25
BETR26953556,WOODS230222_Ajax,1067,26,26,26
BETR43573980,WOODS230222_Ajax,20,1,1,1
BETR24522792,WOODS230222_Ajax,160,8,8,40
BETR34242864,WOODS230222_Ajax,2700,20,20,512
BETR73594788,WOODS230222_Ajax,180,9,9,20
BETR22798472,WOODS230222_Ajax,360,18,18,22.5
BETR22386266,WOODS230222_Ajax,240,8,8,28.5
BETR28326457,WOODS230222_Ajax,20,1,1,1
BETR24969672,WOODS230222_Ajax,20,1,1,1
BETR77499799,WOODS230222_Ajax,80,4,4,20
BETR76636751,WOODS230222_Ajax,40,2,2,11
BETR28298471,WOODS230222_Ajax,2880,72,72,661.02
BETR95965474,WOODS230222_Ajax,1540,55,55,75
BETR92368322,WOODS230222_Ajax,20,1,1,1
BETR25446295,WOODS230222_Ajax,190,10,10,25
BETR33782460,WOODS230222_Ajax,60,3,3,20
BETR67777654,WOODS230222_Ajax,10575,630,630,343
BETR76876997,WOODS230222_Ajax,120,12,12,21
BETR64962749,WOODS230222_Ajax,300,6,6,46
BETR82242328,WOODS230222_Ajax,20,1,1,1
BETR48482294,WOODS230222_Ajax,1260,84,84,60
BETR85537544,WOODS230222_Ajax,60,3,3,20
BETR23749848,WOODS230222_Ajax,1008,96,96,848.56
BETR76246493,WOODS230222_Ajax,124,8,8,18
BETR22729322,WOODS230222_Ajax,140,7,7,19
BETR98527853,WOODS230222_Ajax,5320,280,280,602.3
BETR45625328,WOODS230222_Ajax,100,5,5,26.55
BETR39874589,WOODS230222_Ajax,140,7,7,12
BETR98622763,WOODS230222_Ajax,180,12,12,38
BETR92273428,WOODS230222_Ajax,11115,513,513,160.2
BETR83338594,WOODS230222_Ajax,25,1,1,1
BETR25265568,WOODS230222_Ajax,210,6,6,40
BETR34693697,WOODS230222_Ajax,55,2,2,2
BETR48579284,WOODS230222_Ajax,180,9,9,8
BETR39865686,WOODS230222_Ajax,840,42,42,180
BETR52959294,WOODS230222_Ajax,20,1,1,1
BETR87847368,WOODS230222_Ajax,140,7,7,76.82
BETR89284697,WOODS230222_Ajax,100,5,5,20
BETR49799674,WOODS230222_Ajax,505,5,5,100.5
BETR26628652,WOODS230222_Ajax,110,4,4,100
BETR94344485,WOODS230222_Ajax,80,4,4,20
BETR68955679,WOODS230222_Ajax,20,1,1,1
BETR74968960,WOODS230222_Ajax,200,10,10,30.54
BETR29644536,WOODS230222_Ajax,150,3,3,19
BETR52378774,WOODS230222_Ajax,46200,528,528,12217.68
BETR89354666,WOODS230222_Ajax,1020,34,34,55
BETR86349580,WOODS230222_Ajax,2475,198,198,174.56
BETR73528783,WOODS230222_Ajax,40,2,2,20.3
BETR93789690,WOODS230222_Ajax,20,1,1,1
BETR26739464,WOODS230222_Ajax,61880,1768,1768,1051.64
BETR63983547,WOODS230222_Ajax,490,28,28,34.2
BETR88834787,WOODS230222_Ajax,20,1,1,1
BETR22367777,WOODS230222_Ajax,20,1,1,1
BETR88856437,WOODS230222_Ajax,24960,715,715,2662
BETR65874447,WOODS230222_Ajax,560,28,28,28
BETR45334985,WOODS230222_Ajax,80,4,4,20
BETR53399747,WOODS230222_Ajax,40,2,2,2
BETR64876534,WOODS230222_Ajax,420,21,21,17
BETR28248667,WOODS230222_Ajax,1200,24,24,104.24
BETR58235637,WOODS230222_Ajax,4386,136,136,539.96
BETR96399261,WOODS230222_Ajax,40,3,3,3
BETR38758996,WOODS230222_Ajax,140,7,7,29.26
BETR86339697,WOODS230222_Ajax,189,9,9,21
BETR48872323,WOODS230222_Ajax,20,1,1,1
BETR67768744,WOODS230222_Ajax,910,42,42,156
BETR98229269,WOODS230222_Ajax,110,8,8,8
BETR77893665,WOODS230222_Ajax,95,3,3,3
BETR99645334,WOODS230222_Ajax,40,2,2,20
BETR42233298,WOODS230222_Ajax,60,3,3,20
BETR67487928,WOODS230222_Ajax,60,3,3,20
BETR74257668,WOODS230222_Ajax,1330,21,21,371.31
BETR67534721,WOODS230222_Ajax,40,2,2,20
BETR85458993,WOODS230222_Ajax,330,22,22,75.5
BETR72453789,WOODS230222_Ajax,20,1,1,1
BETR37793486,WOODS230222_Ajax,40,2,2,20
BETR79569599,WOODS230222_Ajax,750,60,60,60
BETR88983461,WOODS230222_Ajax,350,21,21,93
BETR65978572,WOODS230222_Ajax,30,3,3,3
BETR92234245,WOODS230222_Ajax,100,5,5,20
BETR55572261,WOODS230222_Ajax,160,8,8,20
BETR72556824,WOODS230222_Ajax,140,7,7,21
BETR57245460,WOODS230222_Ajax,120,6,6,5
BETR98752859,WOODS230222_Ajax,100,5,5,4
BETR86253955,WOODS230222_Ajax,100,5,5,20
BETR57582428,WOODS230222_Ajax,261,24,24,64
BETR85323895,WOODS230222_Ajax,75,3,3,25
BETR88348895,WOODS230222_Ajax,520,26,26,8.05
BETR65289623,WOODS230222_Ajax,22638,490,490,4330.35
BETR92498340,WOODS230222_Ajax,264,18,18,60
BETR48632361,WOODS230222_Ajax,20,1,1,1
BETR64372845,WOODS230222_Ajax,20,1,1,1
BETR66764921,WOODS230222_Ajax,120,6,6,60
BETR55337853,WOODS230222_Ajax,3710,477,477,585
BETR99282935,WOODS230222_Ajax,160,8,8,27.37
BETR45569981,WOODS230222_Ajax,1800,18,18,100
BETR97776764,WOODS230222_Ajax,20,1,1,1
BETR56555249,WOODS230222_Ajax,1530,102,102,54
BETR97934836,WOODS230222_Ajax,310,10,10,31
BETR62997897,WOODS230222_Ajax,280,14,14,10
BETR43895761,WOODS230222_Ajax,560,28,28,120.34
BETR58983279,WOODS230222_Ajax,60,3,3,20
BETR97942862,WOODS230222_Ajax,20,1,1,1
BETR48444827,WOODS230222_Ajax,62,2,2,31
BETR38234971,WOODS230222_Ajax,80,4,4,11
BETR95355756,WOODS230222_Ajax,20,1,1,1
BETR87628288,WOODS230222_Ajax,405,18,18,90
BETR65345671,WOODS230222_Ajax,20,1,1,1
BETR68645679,WOODS230222_Ajax,108070,1605,1605,5047.05
BETR83885487,WOODS230222_Ajax,60,3,3,15
BETR65754626,WOODS230222_Ajax,180,9,9,20
BETR43722630,WOODS230222_Ajax,50,1,1,1
BETR86736236,WOODS230222_Ajax,100,5,5,20
BETR43347697,WOODS230222_Ajax,100,5,5,20
BETR83242846,WOODS230222_Ajax,120,6,6,6
BETR56857442,WOODS230222_Ajax,740,37,37,14
BETR33958490,WOODS230222_Ajax,40,2,2,20
BETR36482770,WOODS230222_Ajax,150,3,3,7
BETR37632747,WOODS230222_Ajax,100,5,5,20
BETR85996389,WOODS230222_Ajax,480,24,24,15
BETR83427939,WOODS230222_Ajax,40,2,2,20
BETR99826986,WOODS230222_Ajax,560,21,21,36
BETR79727784,WOODS230222_Ajax,440,22,22,52.64
BETR95965320,WOODS230222_Ajax,480,24,24,56.45
BETR54994651,WOODS230222_Ajax,80,4,4,80
BETR62628760,WOODS230222_Ajax,330,18,18,12
BETR75446825,WOODS230222_Ajax,20,1,1,1
BETR85889551,WOODS230222_Ajax,20,1,1,1
BETR97494576,WOODS230222_Ajax,2160,144,144,58
BETR48559972,WOODS230222_Ajax,40,2,2,20
BETR47546522,WOODS230222_Ajax,21,1,1,1
BETR73979554,WOODS230222_Ajax,17440,2180,2180,550
BETR44556692,WOODS230222_Ajax,60,3,3,20
BETR74567439,WOODS230222_Ajax,140,7,7,20.01
BETR47648370,WOODS230222_Ajax,140,7,7,20
BETR48876390,WOODS230222_Ajax,858,36,36,120
BETR98356224,WOODS230222_Ajax,1700,20,20,40
BETR73348695,WOODS230222_Ajax,1260,84,84,135
BETR48827750,WOODS230222_Ajax,30,2,2,2
BETR49376769,WOODS230222_Ajax,60,3,3,20
BETR48452648,WOODS230222_Ajax,440,24,24,126.33
BETR27932550,WOODS230222_Ajax,8900,534,534,169.89
BETR53774667,WOODS230222_Ajax,20,1,1,1
BETR83533630,WOODS230222_Ajax,980,49,49,54.5
BETR74765859,WOODS230222_Ajax,20,1,1,1
BETR85555821,WOODS230222_Ajax,475,38,38,77.3
BETR56954899,WOODS230222_Ajax,160,8,8,10
BETR37266553,WOODS230222_Ajax,125,5,5,25
BETR65654599,WOODS230222_Ajax,20,1,1,1
BETR66594559,WOODS230222_Ajax,160,8,8,19.4
BETR63959535,WOODS230222_Ajax,140,7,7,20
BETR94687636,WOODS230222_Ajax,40,2,2,10
BETR88244593,WOODS230222_Ajax,20,1,1,1
BETR85564694,WOODS230222_Ajax,770,33,33,165
BETR85577335,WOODS230222_Ajax,60,3,3,20
BETR78483391,WOODS230222_Ajax,114,6,6,6
BETR33537732,WOODS230222_Ajax,25,2,2,2
BETR28629350,WOODS230222_Ajax,20,1,1,1
BETR37786785,WOODS230222_Ajax,120,6,6,50
BETR57748879,WOODS230222_Ajax,220,11,11,20
BETR48722529,WOODS230222_Ajax,140,7,7,16
BETR52537683,WOODS230222_Ajax,100,5,5,24.5
BETR39697577,WOODS230222_Ajax,7150,91,91,955.85
BETR24298765,WOODS230222_Ajax,1360,68,68,20
BETR64666999,WOODS230222_Ajax,20,1,1,1
BETR72248552,WOODS230222_Ajax,23716,1210,1210,3868.9
BETR82745621,WOODS230222_Ajax,80,4,4,11
BETR86986570,WOODS230222_Ajax,20,1,1,1
BETR53987722,WOODS230222_Ajax,4050,108,108,286.76
BETR76649638,WOODS230222_Ajax,60,3,3,11
BETR97587223,WOODS230222_Ajax,480,24,24,40.53
BETR38336545,WOODS230222_Ajax,40,2,2,20
BETR76768742,WOODS230222_Ajax,22578,530,530,653.7
BETR22374331,WOODS230222_Ajax,720,36,36,17
BETR57583364,WOODS230222_Ajax,20,1,1,1
BETR42295289,WOODS230222_Ajax,160,8,8,3
BETR85498838,WOODS230222_Ajax,40,2,2,20
BETR39899681,WOODS230222_Ajax,40,3,3,3
BETR47622899,WOODS230222_Ajax,300,15,15,30
BETR35379965,WOODS230222_Ajax,20,1,1,1
BETR37256684,WOODS230222_Ajax,1160,58,58,196.25
BETR85884884,WOODS230222_Ajax,40,2,2,20
BETR82473647,WOODS230222_Ajax,20,1,1,1
BETR58464365,WOODS230222_Ajax,980,49,49,584.56
BETR89844471,WOODS230222_Ajax,570,40,40,156
BETR77642638,WOODS230222_Ajax,300,20,20,40
BETR96773696,WOODS230222_Ajax,40,2,2,20
BETR82843792,WOODS230222_Ajax,40,2,2,20
BETR63976587,WOODS230222_Ajax,2320,128,128,387.44
BETR22642478,WOODS230222_Ajax,20,1,1,1
BETR98469825,WOODS230222_Ajax,4000,200,200,396.08
BETR53766952,WOODS230222_Ajax,600,30,30,70
BETR72835370,WOODS230222_Ajax,1400,160,160,180
BETR77272569,WOODS230222_Ajax,1955,10,10,782
BETR32389424,WOODS230222_Ajax,120,6,6,20
BETR78826587,WOODS230222_Ajax,4050,225,225,188
BETR77444454,WOODS230222_Ajax,160,8,8,20
BETR77937628,WOODS230222_Ajax,60,3,3,3
BETR34937265,WOODS230222_Ajax,700,7,7,13
BETR55783360,WOODS230222_Ajax,20,1,1,1
BETR46497771,WOODS230222_Ajax,480,24,24,125.22
BETR44924491,WOODS230222_Ajax,200,8,8,12
BETR38937858,WOODS230222_Ajax,60,3,3,20
BETR89392248,WOODS230222_Ajax,20,1,1,1
BETR82769290,WOODS230222_Ajax,100,5,5,5
BETR47522656,WOODS230222_Ajax,20,1,1,1
BETR72254522,WOODS230222_Ajax,20,1,1,1
BETR94779652,WOODS230222_Ajax,175,14,14,86.1
BETR93329438,WOODS230222_Ajax,20,1,1,1
BETR33962763,WOODS230222_Ajax,30,2,2,2
BETR73929658,WOODS230222_Ajax,80,4,4,6
BETR83249661,WOODS230222_Ajax,20,1,1,1
BETR89725633,WOODS230222_Ajax,60,3,3,18
BETR96354659,WOODS230222_Ajax,20,1,1,1
BETR35232543,WOODS230222_Ajax,180,9,9,20
BETR35879953,WOODS230222_Ajax,39,2,2,2
BETR72764380,WOODS230222_Ajax,45,2,2,2
BETR95388648,WOODS230222_Ajax,40,2,2,6
BETR52746535,WOODS230222_Ajax,20,1,1,1
BETR85464222,WOODS230222_Ajax,55,2,2,2
BETR42583478,WOODS230222_Ajax,16848,780,780,1358.25
BETR93668759,WOODS230222_Ajax,1140,114,114,75
BETR59822577,WOODS230222_Ajax,740,37,37,60
BETR56262369,WOODS230222_Ajax,22,1,1,1
BETR62725841,WOODS230222_Ajax,280,14,14,39.1
BETR54976824,WOODS230222_Ajax,20,1,1,1
BETR65599395,WOODS230222_Ajax,240,16,16,30
BETR72297833,WOODS230222_Ajax,20,1,1,1
BETR56685328,WOODS230222_Ajax,120,6,6,11
BETR82227745,WOODS230222_Ajax,240,12,12,22.95
BETR64844731,WOODS230222_Ajax,360,18,18,32.52
BETR53425880,WOODS230222_Ajax,240,12,12,20
BETR39752924,WOODS230222_Ajax,80,4,4,20
BETR35937677,WOODS230222_Ajax,4340,112,112,320
BETR49878843,WOODS230222_Ajax,60,3,3,19.05
BETR44528453,WOODS230222_Ajax,1440,112,112,42.49
BETR46894242,WOODS230222_Ajax,280,12,12,126
BETR55873863,WOODS230222_Ajax,20,1,1,1
BETR95265659,WOODS230222_Ajax,80,4,4,3
BETR74927974,WOODS230222_Ajax,60,3,3,20
BETR95726877,WOODS230222_Ajax,30,2,2,2
BETR64747339,WOODS230222_Ajax,1740,116,116,100
BETR58694366,WOODS230222_Ajax,880,44,44,162.04
BETR33652688,WOODS230222_Ajax,385,22,22,36.22
BETR62286731,WOODS230222_Ajax,1800,60,60,120
BETR32846934,WOODS230222_Ajax,40,2,2,20
BETR44269967,WOODS230222_Ajax,60,3,3,6
BETR43628253,WOODS230222_Ajax,180,9,9,60
BETR27785477,WOODS230222_Ajax,20,1,1,1
BETR38759290,WOODS230222_Ajax,120,6,6,20
BETR94769684,WOODS230222_Ajax,40,2,2,20
BETR86495935,WOODS230222_Ajax,495,33,33,186.6
BETR67668426,WOODS230222_Ajax,20,1,1,1
BETR88582596,WOODS230222_Ajax,30,1,1,1
BETR25678696,WOODS230222_Ajax,100,8,8,24
BETR47525855,WOODS230222_Ajax,150,10,10,32
BETR37838835,WOODS230222_Ajax,19740,1316,1316,999.76
BETR83546883,WOODS230222_Ajax,40,2,2,2
BETR66286232,WOODS230222_Ajax,1360,68,68,141.54
BETR96775751,WOODS230222_Ajax,1500,30,30,36
BETR33447857,WOODS230222_Ajax,100,5,5,20
BETR52365927,WOODS230222_Ajax,8970,286,286,4103.44
BETR58575252,WOODS230222_Ajax,63,3,3,21
BETR46522435,WOODS230222_Ajax,1190,68,68,441.32
BETR46344426,WOODS230222_Ajax,1350,90,90,61.42
BETR74567736,WOODS230222_Ajax,109,11,11,11
BETR84664562,WOODS230222_Ajax,20,1,1,1
BETR48948493,WOODS230222_Ajax,680,34,34,29.75
BETR45283696,WOODS230222_Ajax,440,22,22,22
BETR96998228,WOODS230222_Ajax,20,1,1,1
BETR39552722,WOODS230222_Ajax,1048110,14322,14322,47387.78
BETR22822894,WOODS230222_Ajax,465,15,15,25
BETR72622482,WOODS230222_Ajax,120,8,8,14
BETR34974253,WOODS230222_Ajax,20,1,1,1
BETR59727780,WOODS230222_Ajax,60,3,3,6
BETR89427797,WOODS230222_Ajax,480,24,24,43
BETR33938843,WOODS230222_Ajax,20,1,1,1
BETR54934961,WOODS230222_Ajax,11680,584,584,135
BETR77774483,WOODS230222_Ajax,1720,86,86,72.4
BETR85923583,WOODS230222_Ajax,560,28,28,80
BETR99398445,WOODS230222_Ajax,17100,950,950,4156
BETR86538359,WOODS230222_Ajax,50,1,1,1
BETR85469777,WOODS230222_Ajax,100,5,5,31
BETR43544737,WOODS230222_Ajax,120,6,6,15.98
BETR64696330,WOODS230222_Ajax,20,1,1,1
BETR82288852,WOODS230222_Ajax,1080,54,54,103.96
BETR87824840,WOODS230222_Ajax,2340,180,180,325
BETR69566775,WOODS230222_Ajax,280,14,14,15
BETR68553387,WOODS230222_Ajax,180,9,9,8.67
BETR78524643,WOODS230222_Ajax,100,5,5,16
BETR96936367,WOODS230222_Ajax,20,1,1,1
BETR96999621,WOODS230222_Ajax,420,21,21,20
BETR53369924,WOODS230222_Ajax,40,2,2,2
BETR45336958,WOODS230222_Ajax,100,5,5,3
BETR58962427,WOODS230222_Ajax,11400,400,400,14438.9
BETR37496486,WOODS230222_Ajax,750,30,30,80
BETR42557981,WOODS230222_Ajax,80,4,4,11
BETR46458345,WOODS230222_Ajax,720,36,36,36.91
BETR36936938,WOODS230222_Ajax,260,13,13,20
BETR34556657,WOODS230222_Ajax,20,1,1,1
BETR47752381,WOODS230222_Ajax,80,4,4,11
BETR82458484,WOODS230222_Ajax,60,3,3,20
BETR54853699,WOODS230222_Ajax,40,2,2,20
BETR39926547,WOODS230222_Ajax,200,10,10,20
BETR85648462,WOODS230222_Ajax,1260,72,72,71.64
BETR44599620,WOODS230222_Ajax,120,6,6,20
BETR93597370,WOODS230222_Ajax,18810,1197,1197,598.5
BETR85247580,WOODS230222_Ajax,440,22,22,61.8
BETR63476865,WOODS230222_Ajax,900,36,36,120
BETR63792859,WOODS230222_Ajax,20,1,1,1
BETR83799579,WOODS230222_Ajax,700,35,35,47.3
BETR35335374,WOODS230222_Ajax,20,1,1,1
BETR33636725,WOODS230222_Ajax,40,2,2,20
BETR67659868,WOODS230222_Ajax,4320,144,144,348
BETR66443567,WOODS230222_Ajax,340,17,17,30
BETR69859280,WOODS230222_Ajax,25,2,2,2
BETR83363244,WOODS230222_Ajax,40,3,3,3
BETR53928763,WOODS230222_Ajax,3927,264,264,689.6
BETR36968540,WOODS230222_Ajax,100,5,5,20
BETR25528250,WOODS230222_Ajax,40,2,2,2
BETR26273586,WOODS230222_Ajax,560,48,48,134.73
BETR88424674,WOODS230222_Ajax,380,19,19,13.6
BETR98276423,WOODS230222_Ajax,681645,1218,1218,15573.04
BETR42474646,WOODS230222_Ajax,25,2,2,2
BETR62985733,WOODS230222_Ajax,31000,155,155,326
BETR97593972,WOODS230222_Ajax,40,3,3,3
BETR26896327,WOODS230222_Ajax,150,12,12,12
BETR72257585,WOODS230222_Ajax,1110,74,74,90
BETR77582491,WOODS230222_Ajax,732,24,24,223.3
BETR39449992,WOODS230222_Ajax,20,1,1,1
BETR86866421,WOODS230222_Ajax,20,1,1,1
BETR53945272,WOODS230222_Ajax,4235,539,539,490
BETR97738687,WOODS230222_Ajax,40,2,2,20
BETR99393266,WOODS230222_Ajax,60,3,3,20
BETR48888836,WOODS230222_Ajax,980,49,49,32.7
BETR69787361,WOODS230222_Ajax,40,2,2,20
BETR29992323,WOODS230222_Ajax,20,1,1,1
BETR66664559,WOODS230222_Ajax,20,1,1,1
BETR28775446,WOODS230222_Ajax,120,3,3,40
BETR28763894,WOODS230222_Ajax,1464,60,60,233.45
BETR56989839,WOODS230222_Ajax,20,1,1,1
BETR24575873,WOODS230222_Ajax,20,1,1,1
BETR57997239,WOODS230222_Ajax,1820,52,52,115
BETR48585278,WOODS230222_Ajax,300,15,15,20
BETR64634561,WOODS230222_Ajax,240,12,12,15
BETR85747356,WOODS230222_Ajax,70,6,6,6
BETR78644990,WOODS230222_Ajax,750,50,50,38.2
BETR92354240,WOODS230222_Ajax,70,2,2,2
BETR62944983,WOODS230222_Ajax,460,23,23,30
BETR43882471,WOODS230222_Ajax,40,2,2,20
BETR34333777,WOODS230222_Ajax,160,8,8,37
BETR48732498,WOODS230222_Ajax,256,16,16,40
BETR84574465,WOODS230222_Ajax,180,9,9,20
BETR66524891,WOODS230222_Ajax,20,1,1,1
BETR38242952,WOODS230222_Ajax,400,20,20,15
BETR33969670,WOODS230222_Ajax,561,33,33,60
BETR47483766,WOODS230222_Ajax,62,3,3,3
BETR74783563,WOODS230222_Ajax,60,3,3,20
BETR93784923,WOODS230222_Ajax,60,3,3,20
BETR46243880,WOODS230222_Ajax,5400,864,864,780
BETR89427377,WOODS230222_Ajax,400,8,8,102
BETR32638584,WOODS230222_Ajax,1000,80,80,146.78
BETR95653951,WOODS230222_Ajax,1040,40,40,272.5
BETR69926449,WOODS230222_Ajax,420,20,20,20.5
BETR52844798,WOODS230222_Ajax,60,3,3,20
BETR73876648,WOODS230222_Ajax,12825,855,855,1341.54
BETR52874672,WOODS230222_Ajax,3290,141,141,279
BETR34459590,WOODS230222_Ajax,180,9,9,5
BETR23969529,WOODS230222_Ajax,180,6,6,20
BETR97495269,WOODS230222_Ajax,210,14,14,40
BETR56483795,WOODS230222_Ajax,640,32,32,46.63
BETR72437239,WOODS230222_Ajax,80,4,4,20
BETR38593665,WOODS230222_Ajax,20,1,1,1
BETR95758397,WOODS230222_Ajax,30,2,2,2
BETR84867628,WOODS230222_Ajax,220,11,11,20
BETR46553736,WOODS230222_Ajax,140,7,7,20
BETR46667891,WOODS230222_Ajax,180,9,9,5
BETR62689822,WOODS230222_Ajax,15477,737,737,3964.62
BETR56278926,WOODS230222_Ajax,4650,310,310,325
BETR43884895,WOODS230222_Ajax,495,36,36,64
BETR37997990,WOODS230222_Ajax,440,22,22,20
BETR89795551,WOODS230222_Ajax,20,1,1,1
BETR65463924,WOODS230222_Ajax,120,6,6,22
BETR54572972,WOODS230222_Ajax,60,3,3,5
BETR68383366,WOODS230222_Ajax,90,3,3,16
BETR49524788,WOODS230222_Ajax,100,5,5,5
BETR34267263,WOODS230222_Ajax,40,2,2,20
BETR78329873,WOODS230222_Ajax,6138,279,279,484.2
BETR97947584,WOODS230222_Ajax,240,16,16,44
BETR39969582,WOODS230222_Ajax,220,11,11,20
BETR82959486,WOODS230222_Ajax,20,1,1,1
BETR23649520,WOODS230222_Ajax,20,1,1,1
BETR46724891,WOODS230222_Ajax,540,27,27,35.58
BETR32645285,WOODS230222_Ajax,1122,55,55,173.2
BETR66825646,WOODS230222_Ajax,60,3,3,11
BETR76569356,WOODS230222_Ajax,40,2,2,20
BETR89658672,WOODS230222_Ajax,3030,78,78,78
BETR98364694,WOODS230222_Ajax,20,1,1,1
BETR98724948,WOODS230222_Ajax,20,1,1,1
BETR53672574,WOODS230222_Ajax,140,7,7,39
BETR98875428,WOODS230222_Ajax,120,6,6,4
BETR46278639,WOODS230222_Ajax,140,7,7,16.47
BETR76446398,WOODS230222_Ajax,420,21,21,34.53
BETR38874283,WOODS230222_Ajax,320,16,16,56.4
BETR59954766,WOODS230222_Ajax,50,2,2,2
BETR97425358,WOODS230222_Ajax,120,6,6,9
BETR65525691,WOODS230222_Ajax,19380,1482,1482,2593.5
BETR84697799,WOODS230222_Ajax,13200,480,480,1713.12
BETR58542544,WOODS230222_Ajax,150,12,12,50
BETR56948362,WOODS230222_Ajax,460,23,23,23.66
BETR83324542,WOODS230222_Ajax,20,1,1,1
BETR46353879,WOODS230222_Ajax,20,1,1,1
BETR95976951,WOODS230222_Ajax,40,2,2,20
BETR88896341,WOODS230222_Ajax,20,1,1,1
BETR44852237,WOODS230222_Ajax,240,12,12,14
BETR55258684,WOODS230222_Ajax,40,2,2,20
BETR37775857,WOODS230222_Ajax,80,4,4,20
BETR96834557,WOODS230222_Ajax,320,16,16,22
BETR57257883,WOODS230222_Ajax,2616,96,96,1101.44
BETR83726247,WOODS230222_Ajax,40,2,2,20
BETR76463883,WOODS230222_Ajax,20,1,1,1
BETR85574228,WOODS230222_Ajax,20,1,1,1
BETR56927848,WOODS230222_Ajax,220,11,11,36.5
BETR23866941,WOODS230222_Ajax,20,1,1,1
BETR33682722,WOODS230222_Ajax,20,1,1,1
BETR74467647,WOODS230222_Ajax,13280,747,747,256.23
BETR34487333,WOODS230222_Ajax,80,4,4,20
BETR22848368,WOODS230222_Ajax,3220,161,161,276.17
BETR59663644,WOODS230222_Ajax,25560,568,568,3372.92
BETR22855731,WOODS230222_Ajax,200,3,3,3
BETR67689223,WOODS230222_Ajax,20,1,1,1
BETR23847537,WOODS230222_Ajax,2200,15,15,2205
BETR59533244,WOODS230222_Ajax,180,9,9,10
BETR77692992,WOODS230222_Ajax,1580,79,79,107.56
BETR33478271,WOODS230222_Ajax,23775,2536,2536,615.28
BETR59634354,WOODS230222_Ajax,95875,767,767,137.2
BETR26375952,WOODS230222_Ajax,100,5,5,10
BETR76469656,WOODS230222_Ajax,50,4,4,4
BETR27554653,WOODS230222_Ajax,900,18,18,18
BETR55934571,WOODS230222_Ajax,3200,240,240,199.53
BETR96838999,WOODS230222_Ajax,30,1,1,1
BETR27423324,WOODS230222_Ajax,40,2,2,20
BETR73466429,WOODS230222_Ajax,20,1,1,1
BETR64989395,WOODS230222_Ajax,360,18,18,30
BETR95488744,WOODS230222_Ajax,26,1,1,1
BETR23473941,WOODS230222_Ajax,850,51,51,362.55
BETR75457999,WOODS230222_Ajax,20,1,1,1
BETR63575841,WOODS230222_Ajax,100,5,5,27
BETR27862444,WOODS230222_Ajax,360,18,18,21
BETR27992455,WOODS230222_Ajax,20,1,1,1
BETR33694589,WOODS230222_Ajax,1320,66,66,14
BETR55253962,WOODS230222_Ajax,80,4,4,20
BETR46978225,WOODS230222_Ajax,39,2,2,2
BETR56325569,WOODS230222_Ajax,260,13,13,3.08
BETR62974324,WOODS230222_Ajax,810,6,6,6
BETR93482874,WOODS230222_Ajax,95,7,7,7
BETR82432484,WOODS230222_Ajax,100,1,1,1
BETR99252563,WOODS230222_Ajax,40,2,2,2
BETR82632785,WOODS230222_Ajax,80,4,4,20
BETR85267625,WOODS230222_Ajax,960,64,64,85.18
BETR99979682,WOODS230222_Ajax,20,1,1,1
BETR54939973,WOODS230222_Ajax,10400,480,480,102.6
BETR37387241,WOODS230222_Ajax,2892,114,114,418
BETR95423639,WOODS230222_Ajax,520,26,26,63
BETR59548996,WOODS230222_Ajax,480,48,48,90
BETR83443649,WOODS230222_Ajax,160,8,8,53.62
BETR95828458,WOODS230222_Ajax,420,24,24,80
BETR26338445,WOODS230222_Ajax,820,32,32,200
BETR38492364,WOODS230222_Ajax,620,31,31,20
BETR82434679,WOODS230222_Ajax,750,15,15,84
BETR74845988,WOODS230222_Ajax,60,3,3,20
BETR68826337,WOODS230222_Ajax,1705,124,124,201.6
BETR79276695,WOODS230222_Ajax,55,8,8,8
BETR88825945,WOODS230222_Ajax,160,8,8,40
BETR79977868,WOODS230222_Ajax,60,3,3,11.5
BETR87777658,WOODS230222_Ajax,31460,1573,1573,260
BETR59467341,WOODS230222_Ajax,275,11,11,38.3
BETR67863265,WOODS230222_Ajax,2170,93,93,210
BETR76287595,WOODS230222_Ajax,20,1,1,1
BETR44836589,WOODS230222_Ajax,800,40,40,47
BETR85786751,WOODS230222_Ajax,240,16,16,87.2
BETR63932569,WOODS230222_Ajax,3360,384,384,480
BETR33896365,WOODS230222_Ajax,3040,114,114,306
BETR59832569,WOODS230222_Ajax,80,3,3,3
BETR47736749,WOODS230222_Ajax,5460,260,260,650
BETR92684996,WOODS230222_Ajax,20,1,1,1
BETR78439497,WOODS230222_Ajax,20,1,1,1
BETR66348237,WOODS230222_Ajax,1200,48,48,64
BETR58388838,WOODS230222_Ajax,140,10,10,20
BETR53947955,WOODS230222_Ajax,80,4,4,20
BETR82769467,WOODS230222_Ajax,150,3,3,74.44
BETR88957899,WOODS230222_Ajax,2020,101,101,40.31
BETR89892687,WOODS230222_Ajax,140,7,7,20
BETR85875875,WOODS230222_Ajax,800,8,8,100
BETR82799389,WOODS230222_Ajax,50,1,1,1
BETR28469857,WOODS230222_Ajax,60,3,3,10
BETR99726576,WOODS230222_Ajax,1280,64,64,26.06
BETR28787326,WOODS230222_Ajax,1368,54,54,94.68
BETR75332289,WOODS230222_Ajax,1440,72,72,73.5
BETR36994365,WOODS230222_Ajax,180,12,12,12
BETR35989539,WOODS230222_Ajax,3620,181,181,44.51
BETR33626696,WOODS230222_Ajax,320,16,16,200.93
BETR86647686,WOODS230222_Ajax,68,3,3,3
BETR44973758,WOODS230222_Ajax,40,2,2,20
BETR32329437,WOODS230222_Ajax,42,2,2,21
BETR79338492,WOODS230222_Ajax,100,4,4,25
BETR89778967,WOODS230222_Ajax,8640,432,432,539.88
BETR47482448,WOODS230222_Ajax,400,2,2,51
BETR36499228,WOODS230222_Ajax,180,8,8,40
BETR59234783,WOODS230222_Ajax,1700,80,80,284
BETR62343991,WOODS230222_Ajax,200,2,2,2
BETR96748892,WOODS230222_Ajax,300,6,6,50
BETR25349435,WOODS230222_Ajax,9150,270,270,576
BETR77356269,WOODS230222_Ajax,60,3,3,11
BETR99364549,WOODS230222_Ajax,40,2,2,20
BETR62482959,WOODS230222_Ajax,1040,65,65,400
BETR79342628,WOODS230222_Ajax,60,3,3,11.8
BETR85224963,WOODS230222_Ajax,120,6,6,9.41
BETR73572755,WOODS230222_Ajax,805,69,69,105
BETR38324559,WOODS230222_Ajax,80,4,4,20
BETR78477994,WOODS230222_Ajax,1520,52,52,156
BETR34759881,WOODS230222_Ajax,224,7,7,7
BETR94379548,WOODS230222_Ajax,20,1,1,1
BETR75224553,WOODS230222_Ajax,40,2,2,20
BETR97828654,WOODS230222_Ajax,560,28,28,60
BETR48898552,WOODS230222_Ajax,270,18,18,22
BETR88447987,WOODS230222_Ajax,280,14,14,20
BETR58787532,WOODS230222_Ajax,40,2,2,20
BETR39779624,WOODS230222_Ajax,20,1,1,1
BETR39854888,WOODS230222_Ajax,1520,2,2,2
BETR29682521,WOODS230222_Ajax,540,27,27,20
BETR74964351,WOODS230222_Ajax,406,28,28,182.32
BETR65928645,WOODS230222_Ajax,3410,279,279,1062
BETR95827376,WOODS230222_Ajax,200,10,10,17.5
BETR75946660,WOODS230222_Ajax,280,14,14,40
BETR77359482,WOODS230222_Ajax,100,5,5,20
BETR58379386,WOODS230222_Ajax,120,6,6,10
BETR32647494,WOODS230222_Ajax,23912,2352,2352,2839.2
BETR29433260,WOODS230222_Ajax,40,2,2,20
BETR49334479,WOODS230222_Ajax,240,12,12,23.03
BETR73722747,WOODS230222_Ajax,60,3,3,20
BETR97567881,WOODS230222_Ajax,2640,132,132,24.49
BETR29796440,WOODS230222_Ajax,40,2,2,20
BETR68252396,WOODS230222_Ajax,100,5,5,20
BETR68268977,WOODS230222_Ajax,260,13,13,29.16
BETR59338931,WOODS230222_Ajax,300,15,15,33
BETR99734236,WOODS230222_Ajax,220,11,11,20
BETR56849690,WOODS230222_Ajax,60,3,3,5
BETR39872998,WOODS230222_Ajax,260,13,13,20
BETR93449372,WOODS230222_Ajax,280,14,14,10
BETR94236537,WOODS230222_Ajax,20,1,1,1
BETR95842690,WOODS230222_Ajax,25,1,1,1
BETR27637295,WOODS230222_Ajax,60,3,3,5
BETR66765638,WOODS230222_Ajax,1575,63,63,57
BETR26239872,WOODS230222_Ajax,80,4,4,20
BETR42752737,WOODS230222_Ajax,40,2,2,20
BETR79933888,WOODS230222_Ajax,90,9,9,15
BETR64422564,WOODS230222_Ajax,60,3,3,20
BETR29549930,WOODS230222_Ajax,60,3,3,20
BETR83296467,WOODS230222_Ajax,1300,65,65,12.9
BETR39538399,WOODS230222_Ajax,160,8,8,15
BETR29938581,WOODS230222_Ajax,40,2,2,20
BETR39692367,WOODS230222_Ajax,707,7,7,101
BETR75764943,WOODS230222_Ajax,1255,13,13,13
BETR46294974,WOODS230222_Ajax,20,1,1,1
BETR89266945,WOODS230222_Ajax,4360,218,218,246.48
BETR66826452,WOODS230222_Ajax,160,4,4,37
BETR75348594,WOODS230222_Ajax,20,1,1,1
BETR29823665,WOODS230222_Ajax,14973,92,92,2604
BETR78732826,WOODS230222_Ajax,125,5,5,25
BETR57527955,WOODS230222_Ajax,60,3,3,8
BETR56496559,WOODS230222_Ajax,60,3,3,3
BETR54962452,WOODS230222_Ajax,120,6,6,20
BETR35876495,WOODS230222_Ajax,40,2,2,21
BETR22749986,WOODS230222_Ajax,380,19,19,20
BETR38656476,WOODS230222_Ajax,80,4,4,20
BETR24353631,WOODS230222_Ajax,40,2,2,20
BETR35967247,WOODS230222_Ajax,768,48,48,54
BETR86742350,WOODS230222_Ajax,2640,88,88,80
BETR79259285,WOODS230222_Ajax,60,3,3,20
BETR64379844,WOODS230222_Ajax,340,17,17,35.58
BETR84495999,WOODS230222_Ajax,140,4,4,4
BETR72484561,WOODS230222_Ajax,738,36,36,139.76
BETR47947732,WOODS230222_Ajax,60,3,3,15
BETR38229991,WOODS230222_Ajax,20,1,1,1
BETR37447853,WOODS230222_Ajax,280,14,14,35
BETR55724264,WOODS230222_Ajax,20,1,1,1
BETR95442371,WOODS230222_Ajax,20,1,1,1
BETR77853355,WOODS230222_Ajax,300,3,3,3
BETR54679480,WOODS230222_Ajax,60,3,3,11
BETR43327279,WOODS230222_Ajax,40,2,2,20
BETR99423796,WOODS230222_Ajax,60,3,3,6
BETR57788967,WOODS230222_Ajax,20,1,1,1
BETR65994756,WOODS230222_Ajax,20,1,1,1
BETR59677740,WOODS230222_Ajax,20,1,1,1
BETR76974242,WOODS230222_Ajax,423,21,21,21
BETR49829258,WOODS230222_Ajax,20,1,1,1
BETR49334646,WOODS230222_Ajax,640,32,32,35
BETR34836322,WOODS230222_Ajax,380,19,19,20
BETR84473461,WOODS230222_Ajax,20,1,1,1
BETR89524687,WOODS230222_Ajax,400,8,8,40
BETR47895866,WOODS230222_Ajax,11070,45,45,5505
BETR98953287,WOODS230222_Ajax,100,5,5,20
BETR39464773,WOODS230222_Ajax,20,1,1,1
BETR98898830,WOODS230222_Ajax,125,5,5,25
BETR29452988,WOODS230222_Ajax,20,1,1,1
BETR78998833,WOODS230222_Ajax,9842,370,370,662.5
BETR42272723,WOODS230222_Ajax,20,1,1,1
BETR72656463,WOODS230222_Ajax,400,20,20,25.6
BETR22546950,WOODS230222_Ajax,300,15,15,8.38
BETR78493291,WOODS230222_Ajax,25,2,2,2
BETR57467923,WOODS230222_Ajax,40,2,2,20
BETR56625836,WOODS230222_Ajax,120,6,6,20
BETR76338792,WOODS230222_Ajax,240,12,12,11
BETR66774722,WOODS230222_Ajax,20,1,1,1
BETR68438844,WOODS230222_Ajax,6625,159,159,252
BETR79679939,WOODS230222_Ajax,960,48,48,214.2
BETR84735576,WOODS230222_Ajax,40,2,2,20
BETR94423647,WOODS230222_Ajax,100,5,5,5
BETR37427756,WOODS230222_Ajax,420,14,14,60.15
BETR59245758,WOODS230222_Ajax,40,2,2,5
BETR75926372,WOODS230222_Ajax,20,1,1,1
BETR97946433,WOODS230222_Ajax,45,3,3,3
BETR79457728,WOODS230222_Ajax,40,2,2,20
BETR26564677,WOODS230222_Ajax,9312,672,672,442.05
BETR36386498,WOODS230222_Ajax,240,12,12,32
BETR73589241,WOODS230222_Ajax,2180,109,109,97.32
BETR67295851,WOODS230222_Ajax,20,1,1,1
BETR23559485,WOODS230222_Ajax,7935,552,552,629.44
BETR97668670,WOODS230222_Ajax,160,8,8,12
BETR48342741,WOODS230222_Ajax,60,3,3,20
BETR64633830,WOODS230222_Ajax,40,2,2,20
BETR58738473,WOODS230222_Ajax,40,2,2,2
BETR26277232,WOODS230222_Ajax,340,17,17,24
BETR32236339,WOODS230222_Ajax,40,2,2,20
BETR38783769,WOODS230222_Ajax,280,14,14,20
BETR73295951,WOODS230222_Ajax,60,3,3,31.32
BETR97583577,WOODS230222_Ajax,80,4,4,11
BETR37262395,WOODS230222_Ajax,120,6,6,5
BETR62534375,WOODS230222_Ajax,108945,3228,3228,6064.32
BETR56834245,WOODS230222_Ajax,90820,3040,3040,3810.08
BETR95549780,WOODS230222_Ajax,60,3,3,3
BETR73367689,WOODS230222_Ajax,1040,52,52,100
BETR24386530,WOODS230222_Ajax,20,1,1,1
BETR79834840,WOODS230222_Ajax,220,11,11,20
BETR74859435,WOODS230222_Ajax,20,1,1,1
BETR49896830,WOODS230222_Ajax,100,5,5,20
BETR35988648,WOODS230222_Ajax,160,8,8,21
BETR77253759,WOODS230222_Ajax,120,4,4,16
BETR57624388,WOODS230222_Ajax,20,1,1,1
BETR69547774,WOODS230222_Ajax,20,1,1,1
BETR94885872,WOODS230222_Ajax,1890,81,81,625.92
BETR98735357,WOODS230222_Ajax,182600,2656,2656,10655.52
BETR65632993,WOODS230222_Ajax,360,18,18,22
BETR72633495,WOODS230222_Ajax,105,5,5,20
BETR87367521,WOODS230222_Ajax,120,6,6,12
BETR36684549,WOODS230222_Ajax,27370,1054,1054,2130.01
BETR28742950,WOODS230222_Ajax,40,2,2,2
BETR33767757,WOODS230222_Ajax,40,2,2,2
BETR72798637,WOODS230222_Ajax,1000,50,50,40.03
BETR74848293,WOODS230222_Ajax,840,42,42,80.3
BETR99557699,WOODS230222_Ajax,140,7,7,13
BETR75446856,WOODS230222_Ajax,80,4,4,17
BETR22236882,WOODS230222_Ajax,240,12,12,40
BETR24242539,WOODS230222_Ajax,100,5,5,11
BETR22827394,WOODS230222_Ajax,20,1,1,1
BETR83596574,WOODS230222_Ajax,160,8,8,16
BETR68628733,WOODS230222_Ajax,100,5,5,20
BETR32495378,WOODS230222_Ajax,221796,5124,5124,18229.68
BETR24922844,WOODS230222_Ajax,20,1,1,1
BETR87357324,WOODS230222_Ajax,2112,44,44,46
BETR22799967,WOODS230222_Ajax,60,2,2,30
BETR88336854,WOODS230222_Ajax,120,6,6,12
BETR56562841,WOODS230222_Ajax,20,1,1,1
BETR27864745,WOODS230222_Ajax,4335,510,510,622.9
BETR24856873,WOODS230222_Ajax,320,16,16,17.5
BETR99577291,WOODS230222_Ajax,20,1,1,1
BETR42723928,WOODS230222_Ajax,4280,214,214,83.28
BETR38646941,WOODS230222_Ajax,320,16,16,11
BETR64598993,WOODS230222_Ajax,60,3,3,20
BETR86347586,WOODS230222_Ajax,200,10,10,20
BETR97944453,WOODS230222_Ajax,800,40,40,76.3
BETR33356593,WOODS230222_Ajax,600,30,30,141.04
BETR66776887,WOODS230222_Ajax,78,4,4,40
BETR68929267,WOODS230222_Ajax,360,18,18,20
BETR56336725,WOODS230222_Ajax,1188,66,66,312
BETR53939776,WOODS230222_Ajax,20,1,1,1
BETR82696541,WOODS230222_Ajax,20,1,1,1
BETR73754465,WOODS230222_Ajax,150,10,10,8
BETR37573736,WOODS230222_Ajax,160,8,8,19
BETR28924882,WOODS230222_Ajax,20,1,1,1
BETR74984922,WOODS230222_Ajax,140,7,7,10
BETR99737664,WOODS230222_Ajax,96,4,4,4
BETR32758961,WOODS230222_Ajax,7980,228,228,786.24
BETR73235292,WOODS230222_Ajax,40,2,2,20
BETR72459859,WOODS230222_Ajax,20,1,1,1
BETR85423960,WOODS230222_Ajax,7525,430,430,122.08
BETR29784331,WOODS230222_Ajax,800,16,16,131.7
BETR47625869,WOODS230222_Ajax,40,2,2,20
BETR87668468,WOODS230222_Ajax,200,10,10,20
BETR86534979,WOODS230222_Ajax,100,5,5,20
BETR44595370,WOODS230222_Ajax,20,1,1,1
BETR55354461,WOODS230222_Ajax,140,7,7,32
BETR37749629,WOODS230222_Ajax,240,12,12,20
BETR66752492,WOODS230222_Ajax,120,6,6,40
BETR74374648,WOODS230222_Ajax,550,44,44,94.64
BETR52322357,WOODS230222_Ajax,225,9,9,43.25
BETR88725320,WOODS230222_Ajax,220,11,11,20
BETR76869623,WOODS230222_Ajax,1740,87,87,26
BETR54945684,WOODS230222_Ajax,8400,420,420,336
BETR24344851,WOODS230222_Ajax,20,1,1,1
BETR24762853,WOODS230222_Ajax,640,32,32,161.7
BETR72897378,WOODS230222_Ajax,240,12,12,6.97
BETR23947985,WOODS230222_Ajax,230,8,8,8
BETR52347367,WOODS230222_Ajax,40,2,2,20
BETR27767589,WOODS230222_Ajax,560,28,28,30
BETR85739443,WOODS230222_Ajax,60,3,3,11
BETR48927665,WOODS230222_Ajax,20,1,1,1
BETR67995980,WOODS230222_Ajax,40,2,2,2
BETR27294627,WOODS230222_Ajax,40,2,2,20
BETR62943733,WOODS230222_Ajax,20,1,1,1
BETR87923871,WOODS230222_Ajax,60,3,3,11
BETR54233774,WOODS230222_Ajax,7224,154,154,572
BETR97422456,WOODS230222_Ajax,20,1,1,1
BETR78688260,WOODS230222_Ajax,104,10,10,19
BETR38675989,WOODS230222_Ajax,9100,182,182,142
BETR64492420,WOODS230222_Ajax,110,3,3,3
BETR57343357,WOODS230222_Ajax,8890,672,672,5328
BETR46222823,WOODS230222_Ajax,340,17,17,25
BETR24224832,WOODS230222_Ajax,20,1,1,1
BETR75798856,WOODS230222_Ajax,840,42,42,20
BETR44653285,WOODS230222_Ajax,360,18,18,82.3
BETR32525464,WOODS230222_Ajax,40,2,2,19.6
BETR52683465,WOODS230222_Ajax,520,26,26,60
BETR48939439,WOODS230222_Ajax,3900,195,195,158.13
BETR39573857,WOODS230222_Ajax,40,2,2,20
BETR65553328,WOODS230222_Ajax,40,2,2,6
BETR55565324,WOODS230222_Ajax,20,1,1,1
BETR66266432,WOODS230222_Ajax,40,2,2,2
BETR74756826,WOODS230222_Ajax,10905,465,465,480.5
BETR56983875,WOODS230222_Ajax,20,1,1,1
BETR84759954,WOODS230222_Ajax,40,2,2,20
BETR99633935,WOODS230222_Ajax,2900,145,145,170
BETR95773437,WOODS230222_Ajax,60,3,3,20
BETR43238223,WOODS230222_Ajax,20,1,1,1
BETR78823753,WOODS230222_Ajax,1980,88,88,152
BETR64286395,WOODS230222_Ajax,100,5,5,47.32
BETR56832425,WOODS230222_Ajax,40,2,2,20
BETR95878385,WOODS230222_Ajax,200,10,10,5
BETR29527334,WOODS230222_Ajax,240,12,12,20.03
BETR22267589,WOODS230222_Ajax,120,6,6,30
BETR65583455,WOODS230222_Ajax,140,7,7,6
BETR46853829,WOODS230222_Ajax,180,9,9,20
BETR45534286,WOODS230222_Ajax,300,15,15,16
BETR64384282,WOODS230222_Ajax,20,1,1,1
BETR74383244,WOODS230222_Ajax,80,4,4,4
BETR76228598,WOODS230222_Ajax,980,42,42,210
BETR44767838,WOODS230222_Ajax,20,1,1,1
BETR96668947,WOODS230222_Ajax,20,1,1,1
BETR69663665,WOODS230222_Ajax,100,5,5,20
BETR33462959,WOODS230222_Ajax,200,10,10,44
BETR52638335,WOODS230222_Ajax,280,14,14,49.14
BETR65248484,WOODS230222_Ajax,20874,1207,1207,7218.71
BETR95358894,WOODS230222_Ajax,150,6,6,8
BETR52938626,WOODS230222_Ajax,160,8,8,20
BETR54869720,WOODS230222_Ajax,816,32,32,488
BETR58329886,WOODS230222_Ajax,20,1,1,1
BETR59327973,WOODS230222_Ajax,840,42,42,263.96
BETR57472651,WOODS230222_Ajax,3960,54,54,660
BETR96292753,WOODS230222_Ajax,39,2,2,2
BETR57233962,WOODS230222_Ajax,580,29,29,32.51
BETR94378398,WOODS230222_Ajax,67771,707,707,8809.64
BETR22457867,WOODS230222_Ajax,20,1,1,1
BETR36652722,WOODS230222_Ajax,140,7,7,20
BETR36433970,WOODS230222_Ajax,160,8,8,20
BETR55763799,WOODS230222_Ajax,549444,35448,35448,28860.3
BETR84296930,WOODS230222_Ajax,40,2,2,9
BETR59838851,WOODS230222_Ajax,80,4,4,5
BETR39226432,WOODS230222_Ajax,20,1,1,1
BETR63922461,WOODS230222_Ajax,175,1,1,1
BETR74427542,WOODS230222_Ajax,20,1,1,1
BETR46788763,WOODS230222_Ajax,60,3,3,20
BETR82398339,WOODS230222_Ajax,605,10,10,42
BETR98795955,WOODS230222_Ajax,97680,444,444,648.3
BETR35563265,WOODS230222_Ajax,225,10,10,32
BETR62979589,WOODS230222_Ajax,300,15,15,30
BETR85384490,WOODS230222_Ajax,140,7,7,6
BETR72227663,WOODS230222_Ajax,20,1,1,1
BETR92599320,WOODS230222_Ajax,320,16,16,20
BETR39297869,WOODS230222_Ajax,20,1,1,1
BETR98996284,WOODS230222_Ajax,150,10,10,30
BETR26995488,WOODS230222_Ajax,420,21,21,87.85
BETR74972547,WOODS230222_Ajax,580,29,29,17.75
BETR75595790,WOODS230222_Ajax,480,24,24,41.86
BETR45926630,WOODS230222_Ajax,5670,294,294,56
BETR77435759,WOODS230222_Ajax,7410,266,266,665.14
BETR65864851,WOODS230222_Ajax,40,2,2,20
BETR98549268,WOODS230222_Ajax,15400,280,280,1970
BETR37488597,WOODS230222_Ajax,60,3,3,16
BETR27442271,WOODS230222_Ajax,57000,1710,1710,2079.6
BETR97582273,WOODS230222_Ajax,19980,777,777,3504.27
BETR29673963,WOODS230222_Ajax,20,1,1,1
BETR86278446,WOODS230222_Ajax,22,1,1,1
BETR84589520,WOODS230222_Ajax,60,3,3,20
BETR68427749,WOODS230222_Ajax,60,3,3,6
BETR56324555,WOODS230222_Ajax,30,3,3,3
BETR84727540,WOODS230222_Ajax,40,2,2,4
BETR26358733,WOODS230222_Ajax,280,14,14,53.37
BETR74496470,WOODS230222_Ajax,20,1,1,1
BETR36753634,WOODS230222_Ajax,440,22,22,27.84
BETR67837266,WOODS230222_Ajax,120,6,6,40
BETR95742747,WOODS230222_Ajax,360,18,18,174.75
BETR74843922,WOODS230222_Ajax,100,5,5,20
BETR34964865,WOODS230222_Ajax,840,42,42,77.15
BETR76929266,WOODS230222_Ajax,200,10,10,102.5
BETR77334939,WOODS230222_Ajax,340,12,12,36
BETR44849343,WOODS230222_Ajax,40,2,2,20
BETR35375288,WOODS230222_Ajax,160,8,8,20
BETR76336248,WOODS230222_Ajax,40,2,2,2
BETR45845221,WOODS230222_Ajax,40,2,2,11
BETR39298873,WOODS230222_Ajax,50,4,4,4
BETR64736463,WOODS230222_Ajax,630,63,63,91.5
BETR55482485,WOODS230222_Ajax,100,5,5,8
BETR57866498,WOODS230222_Ajax,40,2,2,20
BETR43449797,WOODS230222_Ajax,7520,376,376,240
BETR49595252,WOODS230222_Ajax,3500,175,175,245.95
BETR64852781,WOODS230222_Ajax,250,20,20,22
BETR93567458,WOODS230222_Ajax,500,30,30,48.6
BETR77936379,WOODS230222_Ajax,90,6,6,40
BETR34934882,WOODS230222_Ajax,720,36,36,172.08
BETR86294965,WOODS230222_Ajax,220,11,11,20.95
BETR29483579,WOODS230222_Ajax,21,1,1,1
BETR76833655,WOODS230222_Ajax,60,3,3,9
BETR43444570,WOODS230222_Ajax,60,3,3,20
BETR67388867,WOODS230222_Ajax,20,1,1,1
BETR54239660,WOODS230222_Ajax,40,2,2,2
BETR77682832,WOODS230222_Ajax,240,12,12,8
BETR83252531,WOODS230222_Ajax,750,10,10,300
BETR86394573,WOODS230222_Ajax,1650,66,66,67.44
BETR55485431,WOODS230222_Ajax,40,2,2,20
BETR28284597,WOODS230222_Ajax,20,1,1,1
BETR46346352,WOODS230222_Ajax,20,1,1,1
BETR39324459,WOODS230222_Ajax,1300,140,140,441
BETR26388242,WOODS230222_Ajax,80,4,4,40
BETR42334438,WOODS230222_Ajax,320,16,16,35
BETR48239294,WOODS230222_Ajax,160,8,8,26.3
BETR84565586,WOODS230222_Ajax,8200,246,246,147.36
BETR65536963,WOODS230222_Ajax,60,3,3,20
BETR68268489,WOODS230222_Ajax,61,3,3,3
BETR94273365,WOODS230222_Ajax,20600,1442,1442,561.82
BETR98969325,WOODS230222_Ajax,20,1,1,1
BETR22528697,WOODS230222_Ajax,1740,87,87,72.86
BETR57594353,WOODS230222_Ajax,7560,252,252,109.14
BETR95766583,WOODS230222_Ajax,20,1,1,1
BETR75968969,WOODS230222_Ajax,900,42,42,147
BETR39563797,WOODS230222_Ajax,48,5,5,5
BETR48557428,WOODS230222_Ajax,2880,144,144,1394.44
BETR88245996,WOODS230222_Ajax,20,1,1,1
BETR24697544,WOODS230222_Ajax,3900,364,364,707.21
BETR44774874,WOODS230222_Ajax,280,14,14,359.14
BETR78479585,WOODS230222_Ajax,20,1,1,1
BETR25543840,WOODS230222_Ajax,1665,81,81,180
BETR35552528,WOODS230222_Ajax,60,3,3,16
BETR42856237,WOODS230222_Ajax,152,8,8,12
BETR36578763,WOODS230222_Ajax,120,6,6,10
BETR47342391,WOODS230222_Ajax,120,6,6,28.55
BETR44477737,WOODS230222_Ajax,3480,174,174,20
BETR57492758,WOODS230222_Ajax,20,1,1,1
BETR97937530,WOODS230222_Ajax,80,4,4,4
BETR58679585,WOODS230222_Ajax,6890,208,208,88
BETR47294492,WOODS230222_Ajax,40,2,2,2
BETR86278736,WOODS230222_Ajax,60,3,3,11.4
BETR43389475,WOODS230222_Ajax,100,5,5,10
BETR66975563,WOODS230222_Ajax,100,5,5,10
BETR85353748,WOODS230222_Ajax,20,1,1,1
BETR96276944,WOODS230222_Ajax,60,3,3,35
BETR26836996,WOODS230222_Ajax,20,1,1,1
BETR55373899,WOODS230222_Ajax,140,7,7,20
BETR95867327,WOODS230222_Ajax,260,13,13,20
BETR68483677,WOODS230222_Ajax,20,1,1,1
BETR67437428,WOODS230222_Ajax,60,3,3,5
BETR96335436,WOODS230222_Ajax,100,2,2,2
BETR93537369,WOODS230222_Ajax,20,1,1,1
BETR29474782,WOODS230222_Ajax,203175,3440,3440,25545.12
BETR34334491,WOODS230222_Ajax,100,3,3,3
BETR99787874,WOODS230222_Ajax,550,33,33,60
BETR26338391,WOODS230222_Ajax,20,1,1,1
BETR33465752,WOODS230222_Ajax,3575,385,385,455
BETR56399928,WOODS230222_Ajax,225,9,9,13
BETR25343280,WOODS230222_Ajax,31433,344,344,2384.32
BETR47876971,WOODS230222_Ajax,40,2,2,20
BETR97775927,WOODS230222_Ajax,20,1,1,1
BETR42569861,WOODS230222_Ajax,140,7,7,2
BETR94929767,WOODS230222_Ajax,1330,56,56,461.32
BETR79797589,WOODS230222_Ajax,20,1,1,1
BETR28452477,WOODS230222_Ajax,3200,80,80,320
BETR76273543,WOODS230222_Ajax,40,2,2,2
BETR96528999,WOODS230222_Ajax,30,2,2,2
BETR97854462,WOODS230222_Ajax,20,1,1,1
BETR82776564,WOODS230222_Ajax,20,1,1,1
BETR96273738,WOODS230222_Ajax,20,1,1,1
BETR43257484,WOODS230222_Ajax,445824,1053,1053,53522.69
BETR27859536,WOODS230222_Ajax,4400,220,220,145.06
BETR46944343,WOODS230222_Ajax,20,1,1,1
BETR79229486,WOODS230222_Ajax,80,4,4,11
BETR87489827,WOODS230222_Ajax,60,3,3,10
BETR57679555,WOODS230222_Ajax,160,8,8,11
BETR95569290,WOODS230222_Ajax,120,6,6,25
BETR32345475,WOODS230222_Ajax,480,24,24,40.2
BETR83425843,WOODS230222_Ajax,20,1,1,1
BETR36332679,WOODS230222_Ajax,40,2,2,8
BETR35265879,WOODS230222_Ajax,234,12,12,12
BETR88978771,WOODS230222_Ajax,20,1,1,1
BETR93375527,WOODS230222_Ajax,20860,894,894,448.14
BETR75776885,WOODS230222_Ajax,20,1,1,1
BETR73889488,WOODS230222_Ajax,2300,115,115,26.4
BETR83468352,WOODS230222_Ajax,20,1,1,1
BETR43274931,WOODS230222_Ajax,60,3,3,11
BETR47667272,WOODS230222_Ajax,60,3,3,6
BETR37598258,WOODS230222_Ajax,860,43,43,47.2
BETR98697631,WOODS230222_Ajax,20,1,1,1
BETR28388844,WOODS230222_Ajax,40,2,2,3
BETR46722422,WOODS230222_Ajax,40,2,2,2
BETR65265634,WOODS230222_Ajax,1360,68,68,190
BETR28456291,WOODS230222_Ajax,40,2,2,20
BETR97765270,WOODS230222_Ajax,20,1,1,1
BETR68998898,WOODS230222_Ajax,1060,53,53,36.7
BETR63862798,WOODS230222_Ajax,190,8,8,14.88
BETR74962692,WOODS230222_Ajax,20,1,1,1
BETR46476653,WOODS230222_Ajax,795,95,95,380
BETR77739369,WOODS230222_Ajax,100,5,5,11
BETR99473845,WOODS230222_Ajax,40,2,2,20
BETR26875933,WOODS230222_Ajax,1450,58,58,16
BETR49895895,WOODS230222_Ajax,60,3,3,20
BETR68628795,WOODS230222_Ajax,20,1,1,1
BETR53924444,WOODS230222_Ajax,40,2,2,2
BETR67463663,WOODS230222_Ajax,300,15,15,30
BETR76363558,WOODS230222_Ajax,1794,117,117,183
BETR96556763,WOODS230222_Ajax,80,4,4,20
BETR66577255,WOODS230222_Ajax,2160,108,108,374
BETR97372645,WOODS230222_Ajax,1225,105,105,147.21
BETR83522849,WOODS230222_Ajax,200,10,10,11
BETR79533729,WOODS230222_Ajax,11800,236,236,81.35
BETR36955984,WOODS230222_Ajax,1050,30,30,178.2
BETR85728768,WOODS230222_Ajax,300,2,2,2
BETR69798794,WOODS230222_Ajax,60,3,3,41
BETR63777559,WOODS230222_Ajax,75,6,6,12
BETR68279768,WOODS230222_Ajax,240,12,12,29.4
BETR56464381,WOODS230222_Ajax,680,34,34,20
BETR74349752,WOODS230222_Ajax,400,20,20,31.76
BETR53895997,WOODS230222_Ajax,488,24,24,33
BETR38297280,WOODS230222_Ajax,20,1,1,1
BETR55327984,WOODS230222_Ajax,80,4,4,20
BETR77752597,WOODS230222_Ajax,20,1,1,1
BETR84847781,WOODS230222_Ajax,400,12,12,15
BETR94696225,WOODS230222_Ajax,25992,684,684,4527.99
BETR73729258,WOODS230222_Ajax,180,12,12,18
BETR79222852,WOODS230222_Ajax,354,18,18,84
BETR23975766,WOODS230222_Ajax,20,1,1,1
BETR86594256,WOODS230222_Ajax,117,7,7,7
BETR63322834,WOODS230222_Ajax,20,1,1,1
BETR79337631,WOODS230222_Ajax,100,5,5,20
BETR32825281,WOODS230222_Ajax,20,1,1,1
BETR52289384,WOODS230222_Ajax,175,14,14,62
BETR82473371,WOODS230222_Ajax,140,7,7,11
BETR42937479,WOODS230222_Ajax,40,2,2,10
BETR59893942,WOODS230222_Ajax,360,18,18,20
BETR44595394,WOODS230222_Ajax,20,1,1,1
BETR34772897,WOODS230222_Ajax,140,7,7,4.74
BETR27922353,WOODS230222_Ajax,20,1,1,1
BETR26649763,WOODS230222_Ajax,180,9,9,4.5
BETR99324628,WOODS230222_Ajax,20,1,1,1
BETR52298645,WOODS230222_Ajax,20,1,1,1
BETR73769285,WOODS230222_Ajax,40,2,2,2
BETR22666962,WOODS230222_Ajax,4920,82,82,50
BETR22538436,WOODS230222_Ajax,100,5,5,5
BETR67536978,WOODS230222_Ajax,2320,116,116,21
BETR66375561,WOODS230222_Ajax,4200,210,210,113.92
BETR79767452,WOODS230222_Ajax,20,1,1,1
BETR45748324,WOODS230222_Ajax,320,16,16,16
BETR84625853,WOODS230222_Ajax,1780,89,89,68.2
BETR52739643,WOODS230222_Ajax,20,1,1,1
BETR36885694,WOODS230222_Ajax,20,1,1,1
BETR37763823,WOODS230222_Ajax,20,1,1,1
BETR26899960,WOODS230222_Ajax,20,1,1,1
BETR65366591,WOODS230222_Ajax,11960,276,276,200.04
BETR87455785,WOODS230222_Ajax,6090,126,126,422.25
BETR29744632,WOODS230222_Ajax,1540,176,176,179.4
BETR26226599,WOODS230222_Ajax,20,1,1,1
BETR63739854,WOODS230222_Ajax,841,58,58,58
BETR62977233,WOODS230222_Ajax,2050,123,123,179.4
BETR38683533,WOODS230222_Ajax,1155,63,63,165
BETR52658449,WOODS230222_Ajax,1920,32,32,459.72
BETR38766748,WOODS230222_Ajax,114,6,6,76
BETR46358683,WOODS230222_Ajax,20,1,1,1
BETR26827895,WOODS230222_Ajax,11760,588,588,1024.26
BETR84348233,WOODS230222_Ajax,520,26,26,25
BETR33492581,WOODS230222_Ajax,20,1,1,1
BETR64587485,WOODS230222_Ajax,4950,450,450,2070.7
BETR63688534,WOODS230222_Ajax,20,1,1,1
BETR77777774,WOODS230222_Ajax,40,2,2,20
BETR77898981,WOODS230222_Ajax,60,3,3,8.62
BETR45333735,WOODS230222_Ajax,280,14,14,16
BETR83736550,WOODS230222_Ajax,500,25,25,46.55
BETR35599561,WOODS230222_Ajax,100,5,5,20
BETR43447540,WOODS230222_Ajax,400,4,4,100
BETR28349975,WOODS230222_Ajax,40,2,2,2
BETR65945628,WOODS230222_Ajax,40,2,2,6
BETR87985466,WOODS230222_Ajax,80,4,4,20
BETR52579539,WOODS230222_Ajax,300,4,4,100
BETR39478640,WOODS230222_Ajax,20,1,1,1
BETR27934585,WOODS230222_Ajax,120,6,6,13.9
BETR47468756,WOODS230222_Ajax,260,13,13,16
BETR73394463,WOODS230222_Ajax,201268,9763,9763,1866.67
BETR44352256,WOODS230222_Ajax,13770,810,810,3346.2
BETR37535949,WOODS230222_Ajax,240,12,12,28
BETR57637821,WOODS230222_Ajax,116,6,6,60
BETR96985631,WOODS230222_Ajax,80,4,4,20
BETR25785462,WOODS230222_Ajax,20,1,1,1
BETR94758336,WOODS230222_Ajax,360,16,16,88.5
BETR93393736,WOODS230222_Ajax,20,1,1,1
BETR57422588,WOODS230222_Ajax,810,54,54,90
BETR73267545,WOODS230222_Ajax,40,2,2,20
BETR56983288,WOODS230222_Ajax,40,2,2,20
BETR23889582,WOODS230222_Ajax,110,5,5,22
BETR92567855,WOODS230222_Ajax,20,1,1,1
BETR54437479,WOODS230222_Ajax,20,1,1,1
BETR98375966,WOODS230222_Ajax,20,1,1,1
BETR36958930,WOODS230222_Ajax,5355,238,238,432.96
BETR79596854,WOODS230222_Ajax,200,4,4,50
BETR36546526,WOODS230222_Ajax,40,2,2,5
BETR88534878,WOODS230222_Ajax,20,1,1,1
BETR46793996,WOODS230222_Ajax,1360,68,68,53.6
BETR95297483,WOODS230222_Ajax,350,7,7,52
BETR89498841,WOODS230222_Ajax,340,17,17,22.7
BETR75296352,WOODS230222_Ajax,120,6,6,20
BETR24734485,WOODS230222_Ajax,20,1,1,1
BETR32459523,WOODS230222_Ajax,180,12,12,33
BETR94368986,WOODS230222_Ajax,20,1,1,1
BETR63828725,WOODS230222_Ajax,1140,57,57,36.55
BETR97822935,WOODS230222_Ajax,100,2,2,41
BETR84978454,WOODS230222_Ajax,240,12,12,35
BETR58644477,WOODS230222_Ajax,40,2,2,10
BETR83654977,WOODS230222_Ajax,40,2,2,20
BETR98455859,WOODS230222_Ajax,160,8,8,20.5
BETR39388949,WOODS230222_Ajax,20,1,1,1
BETR55732979,WOODS230222_Ajax,25,1,1,1
BETR42344734,WOODS230222_Ajax,80,4,4,20
BETR83485632,WOODS230222_Ajax,160,8,8,20
BETR26743348,WOODS230222_Ajax,195,10,10,62
BETR64575864,WOODS230222_Ajax,40,2,2,20
BETR72223825,WOODS230222_Ajax,20,1,1,1
BETR77297722,WOODS230222_Ajax,20,1,1,1
BETR99839856,WOODS230222_Ajax,20,1,1,1
BETR23222662,WOODS230222_Ajax,24480,1836,1836,1921.44
BETR39627833,WOODS230222_Ajax,180,9,9,9
BETR64928356,WOODS230222_Ajax,300,15,15,93
BETR94668857,WOODS230222_Ajax,1320,24,24,123.88
BETR76686978,WOODS230222_Ajax,40,2,2,11
BETR22997554,WOODS230222_Ajax,100,5,5,11
BETR27377856,WOODS230222_Ajax,86,6,6,6
BETR73925391,WOODS230222_Ajax,136,6,6,60
BETR32334851,WOODS230222_Ajax,20,1,1,1
BETR93863680,WOODS230222_Ajax,360,18,18,20
BETR89546467,WOODS230222_Ajax,106,6,6,24
BETR39368798,WOODS230222_Ajax,425,17,17,34
BETR73646340,WOODS230222_Ajax,260,13,13,5
BETR35222353,WOODS230222_Ajax,35,2,2,2
BETR43975555,WOODS230222_Ajax,200,16,16,47.5
BETR66394852,WOODS230222_Ajax,120,6,6,1.8
BETR37284298,WOODS230222_Ajax,200,10,10,25
BETR63597881,WOODS230222_Ajax,80,3,3,3
BETR82727887,WOODS230222_Ajax,160,8,8,26
BETR97526468,WOODS230222_Ajax,231,11,11,11
BETR56927237,WOODS230222_Ajax,40,2,2,6
BETR44867972,WOODS230222_Ajax,100,5,5,20
BETR94783956,WOODS230222_Ajax,60060,234,234,754.2
BETR45677952,WOODS230222_Ajax,3750,450,450,481.86
BETR77664883,WOODS230222_Ajax,2060,103,103,209.82
BETR46229655,WOODS230222_Ajax,1314,27,27,138
BETR85628365,WOODS230222_Ajax,6570,365,365,669.5
BETR25989280,WOODS230222_Ajax,320,16,16,29
BETR54335348,WOODS230222_Ajax,20,1,1,1
BETR74834654,WOODS230222_Ajax,20,1,1,1
BETR29466985,WOODS230222_Ajax,34800,203,203,769.09
BETR56623955,WOODS230222_Ajax,9855,1168,1168,1024
BETR49879499,WOODS230222_Ajax,60,3,3,10
BETR53654952,WOODS230222_Ajax,440,22,22,20
BETR77438798,WOODS230222_Ajax,40,2,2,16
BETR23284721,WOODS230222_Ajax,80,4,4,4
BETR25755731,WOODS230222_Ajax,400,20,20,40
BETR99643668,WOODS230222_Ajax,20,1,1,1
BETR56435893,WOODS230222_Ajax,20,1,1,1
BETR27568773,WOODS230222_Ajax,512,16,16,80
BETR35587667,WOODS230222_Ajax,240,12,12,14
BETR25985268,WOODS230222_Ajax,120,6,6,20
BETR49292434,WOODS230222_Ajax,160,8,8,20
BETR78466660,WOODS230222_Ajax,145,10,10,40
BETR83925855,WOODS230222_Ajax,546,42,42,117
BETR49377681,WOODS230222_Ajax,20,1,1,1
BETR95682647,WOODS230222_Ajax,160,8,8,29.25
BETR57767726,WOODS230222_Ajax,20,1,1,1
BETR49692944,WOODS230222_Ajax,200,10,10,6.33
BETR55383287,WOODS230222_Ajax,385,22,22,100
BETR33439630,WOODS230222_Ajax,800,32,32,13
BETR84795723,WOODS230222_Ajax,644,28,28,44.5
BETR72392743,WOODS230222_Ajax,20,1,1,1
BETR42746460,WOODS230222_Ajax,200,4,4,110
BETR87284354,WOODS230222_Ajax,1755,91,91,129.5
BETR64253649,WOODS230222_Ajax,20,1,1,1
BETR79849325,WOODS230222_Ajax,25,2,2,2
BETR56859286,WOODS230222_Ajax,40,2,2,20
BETR89245698,WOODS230222_Ajax,3300,220,220,234.36
BETR52978493,WOODS230222_Ajax,20,1,1,1
BETR27249986,WOODS230222_Ajax,80,4,4,2.5
BETR94274478,WOODS230222_Ajax,40,2,2,2
BETR88953532,WOODS230222_Ajax,50400,1680,1680,6983.76
BETR36586584,WOODS230222_Ajax,1624,80,80,71.7
BETR88969243,WOODS230222_Ajax,2185,95,95,55
BETR64696576,WOODS230222_Ajax,680,34,34,14
BETR49327396,WOODS230222_Ajax,20,1,1,1
BETR36559922,WOODS230222_Ajax,20,1,1,1
BETR25235523,WOODS230222_Ajax,100,5,5,20
BETR77488953,WOODS230222_Ajax,120,6,6,15
BETR29858438,WOODS230222_Ajax,23680,896,896,1503.53
BETR37368288,WOODS230222_Ajax,40,2,2,20
BETR42556847,WOODS230222_Ajax,1600,80,80,19.27
BETR99928970,WOODS230222_Ajax,100,5,5,13
BETR98295783,WOODS230222_Ajax,90,6,6,22
BETR64826492,WOODS230222_Ajax,20,1,1,1
BETR78859943,WOODS230222_Ajax,1100,11,11,130
BETR29937867,WOODS230222_Ajax,20,1,1,1
BETR82536335,WOODS230222_Ajax,142,3,3,3
BETR67973421,WOODS230222_Ajax,60,3,3,38
BETR62725469,WOODS230222_Ajax,60,2,2,2
BETR94499673,WOODS230222_Ajax,160,8,8,18.5
BETR73326471,WOODS230222_Ajax,4704,448,448,707.68
BETR99559389,WOODS230222_Ajax,60,3,3,3
BETR84692671,WOODS230222_Ajax,1080,48,48,64
BETR97959372,WOODS230222_Ajax,120,6,6,20
BETR65635635,WOODS230222_Ajax,20,1,1,1
BETR42875771,WOODS230222_Ajax,20,1,1,1
BETR46832640,WOODS230222_Ajax,260,13,13,25.14
BETR88369531,WOODS230222_Ajax,875,20,20,20
BETR98354893,WOODS230222_Ajax,1020,51,51,60
BETR26728253,WOODS230222_Ajax,20,1,1,1
BETR24749458,WOODS230222_Ajax,1800,18,18,146.55
BETR77954373,WOODS230222_Ajax,2280,48,48,76
BETR36579951,WOODS230222_Ajax,40,2,2,2
BETR64344293,WOODS230222_Ajax,675,45,45,74.9
BETR29655266,WOODS230222_Ajax,92000,460,460,14684.85
BETR37322730,WOODS230222_Ajax,280,14,14,16
BETR83723451,WOODS230222_Ajax,100,5,5,10
BETR45225375,WOODS230222_Ajax,560,28,28,25.58
BETR64762486,WOODS230222_Ajax,240,12,12,20
BETR74537364,WOODS230222_Ajax,600,12,12,130
BETR98243586,WOODS230222_Ajax,20,1,1,1
BETR84999749,WOODS230222_Ajax,49,3,3,3
BETR94335940,WOODS230222_Ajax,120,6,6,3.5
BETR95549247,WOODS230222_Ajax,17700,354,354,1459.34
BETR84534537,WOODS230222_Ajax,160,8,8,20
BETR22857797,WOODS230222_Ajax,40,2,2,20
BETR82545658,WOODS230222_Ajax,70,2,2,2
BETR59984756,WOODS230222_Ajax,20,1,1,1
BETR66653973,WOODS230222_Ajax,1848,112,112,67.44
BETR25732794,WOODS230222_Ajax,250,10,10,25
BETR46956490,WOODS230222_Ajax,20,1,1,1
BETR73738939,WOODS230222_Ajax,20,1,1,1
BETR79432879,WOODS230222_Ajax,20,1,1,1
BETR82487286,WOODS230222_Ajax,90,3,3,3
BETR37552953,WOODS230222_Ajax,750,60,60,50
BETR46898950,WOODS230222_Ajax,160,8,8,41
BETR97732838,WOODS230222_Ajax,40,2,2,20
BETR75764349,WOODS230222_Ajax,25830,1353,1353,1778.7
BETR92875493,WOODS230222_Ajax,307360,1695,1695,140997
BETR55327823,WOODS230222_Ajax,20,1,1,1
BETR23377751,WOODS230222_Ajax,20,1,1,1
BETR36724559,WOODS230222_Ajax,3080,176,176,160
BETR85842952,WOODS230222_Ajax,40,1,1,1
BETR64463567,WOODS230222_Ajax,40,2,2,20
BETR99544866,WOODS230222_Ajax,700,6,6,450
BETR53395886,WOODS230222_Ajax,2220,148,148,140.6
BETR66454761,WOODS230222_Ajax,20,1,1,1
BETR55336764,WOODS230222_Ajax,40,2,2,20
BETR23784658,WOODS230222_Ajax,240,12,12,40
BETR28439751,WOODS230222_Ajax,400,20,20,62
BETR94522388,WOODS230222_Ajax,150,3,3,41
BETR67394332,WOODS230222_Ajax,40,2,2,2
BETR77747265,WOODS230222_Ajax,11200,448,448,437.76
BETR27272755,WOODS230222_Ajax,285,12,12,44
BETR87676388,WOODS230222_Ajax,1940,97,97,76.6
BETR74888275,WOODS230222_Ajax,20,1,1,1
BETR32273853,WOODS230222_Ajax,2200,66,66,477.09
BETR86593549,WOODS230222_Ajax,140,4,4,3.16
BETR96274452,WOODS230222_Ajax,40,2,2,2
BETR78585569,WOODS230222_Ajax,180,12,12,60
BETR67548490,WOODS230222_Ajax,20,1,1,1
BETR63624969,WOODS230222_Ajax,7035,140,140,1728.96
BETR83566355,WOODS230222_Ajax,20,1,1,1
BETR64556863,WOODS230222_Ajax,40,2,2,6
BETR35473359,WOODS230222_Ajax,30,2,2,2
BETR44394348,WOODS230222_Ajax,60,3,3,20
BETR36779993,WOODS230222_Ajax,2988,252,252,515.2
BETR37646577,WOODS230222_Ajax,20,1,1,1
BETR46682580,WOODS230222_Ajax,80,4,4,8.5
BETR82288661,WOODS230222_Ajax,20,1,1,1
BETR49547275,WOODS230222_Ajax,20,1,1,1
BETR77288768,WOODS230222_Ajax,49995,1414,1414,171.92
BETR96523758,WOODS230222_Ajax,20,1,1,1
BETR55646962,WOODS230222_Ajax,90,6,6,22
BETR83679987,WOODS230222_Ajax,20,1,1,1
BETR79437584,WOODS230222_Ajax,60,3,3,6
BETR43675530,WOODS230222_Ajax,40,2,2,20
BETR23338752,WOODS230222_Ajax,40,2,2,20
BETR86846751,WOODS230222_Ajax,20,1,1,1
BETR49847559,WOODS230222_Ajax,180,9,9,20
BETR37432842,WOODS230222_Ajax,60,3,3,20
BETR98996994,WOODS230222_Ajax,1300,13,13,120
BETR26362259,WOODS230222_Ajax,140,7,7,16
BETR23973397,WOODS230222_Ajax,340,17,17,20
BETR44835827,WOODS230222_Ajax,80,4,4,40
BETR94384573,WOODS230222_Ajax,1120,56,56,64.48
BETR32883250,WOODS230222_Ajax,400,4,4,76
BETR98229344,WOODS230222_Ajax,620,31,31,31.3
BETR35682386,WOODS230222_Ajax,20,1,1,1
BETR96895855,WOODS230222_Ajax,50,2,2,21
BETR32728971,WOODS230222_Ajax,340,17,17,24.97
BETR73659487,WOODS230222_Ajax,4692,357,357,504
BETR43768621,WOODS230222_Ajax,120,6,6,42.1
BETR39925472,WOODS230222_Ajax,20,1,1,1
BETR43786281,WOODS230222_Ajax,20,1,1,1
BETR49552385,WOODS230222_Ajax,20,1,1,1
BETR97625796,WOODS230222_Ajax,525,13,13,13
BETR35292684,WOODS230222_Ajax,20,1,1,1
BETR45222381,WOODS230222_Ajax,40,2,2,20
BETR99586842,WOODS230222_Ajax,40,2,2,2
BETR43534875,WOODS230222_Ajax,700,35,35,30
BETR48647358,WOODS230222_Ajax,120,6,6,16
BETR93254396,WOODS230222_Ajax,210,21,21,33
BETR25967547,WODDS112421_1BesiktasAjax,5850,234,234,150
BETR78365635,WODDS112421_1BesiktasAjax,8989.38,558,558,687.96
BETR57382950,WODDS112421_1BesiktasAjax,1440,72,72,200
BETR86983937,WODDS112421_1BesiktasAjax,900,45,45,35
BETR29638665,WODDS112421_1BesiktasAjax,800,20,20,42.23
BETR96636762,WODDS112421_1BesiktasAjax,31500,630,630,13720
BETR55924992,WODDS112421_1BesiktasAjax,93060,3666,3666,4404.53
BETR54632485,WODDS112421_1BesiktasAjax,2250,125,125,493.45
BETR39576377,WODDS112421_1BesiktasAjax,26632.72,1488,1488,2483.76
BETR53264625,WODDS112421_1BesiktasAjax,560,28,28,51.81
BETR38538529,WODDS112421_1BesiktasAjax,3315,204,204,414.6
BETR68662256,WODDS112421_1BesiktasAjax,4860,243,243,495
BETR82866548,WODDS112421_1BesiktasAjax,220,11,11,34
BETR66727391,WODDS112421_1BesiktasAjax,6720,384,384,760.64
BETR43824976,WODDS112421_1BesiktasAjax,240720,714,714,1692.25
BETR69746481,WODDS112421_1BesiktasAjax,105,9,9,37.5
BETR48676549,WODDS112421_1BesiktasAjax,18150,825,825,2720
BETR55856873,WODDS112421_1BesiktasAjax,3104,64,64,255.3
BETR67453794,WODDS112421_1BesiktasAjax,300,12,12,43.97
BETR25647289,WODDS112421_1BesiktasAjax,350,14,14,50
BETR55669930,WODDS112421_1BesiktasAjax,40,2,2,20
BETR96393399,WODDS112421_1BesiktasAjax,24745,1414,1414,4126.64
BETR85547581,WODDS112421_1BesiktasAjax,6240,312,312,866.6
BETR47963985,WODDS112421_1BesiktasAjax,4550,91,91,3175.26
BETR68468247,WODDS112421_1BesiktasAjax,3690,205,205,323
BETR23729949,WODDS112421_1BesiktasAjax,500,25,25,237
BETR35924622,WODDS112421_1BesiktasAjax,21600,624,624,747.5
BETR34455325,WODDS112421_1BesiktasAjax,18550,130,130,1235
BETR87329390,WODDS112421_1BesiktasAjax,2211,165,165,395
BETR39289390,WODDS112421_1BesiktasAjax,280,8,8,18.5
BETR53672925,WODDS112421_1BesiktasAjax,11210,295,295,250
BETR78232760,WODDS112421_1BesiktasAjax,340,17,17,12
BETR34276876,WODDS112421_1BesiktasAjax,840,42,42,50
BETR38593436,WODDS112421_1BesiktasAjax,450,9,9,55
BETR24945676,WODDS112421_1BesiktasAjax,1100,22,22,200
BETR32989495,WODDS112421_1BesiktasAjax,560,14,14,50
BETR98955298,WODDS112421_1BesiktasAjax,80,4,4,10
BETR44825552,WODDS112421_1BesiktasAjax,98175,3927,3927,2415.75
BETR74496876,WODDS112421_1BesiktasAjax,32813,1881,1881,6219
BETR35956838,WODDS112421_1BesiktasAjax,364787.5,3300,3300,52702.44
BETR58466963,WODDS112421_1BesiktasAjax,680,34,34,254
BETR94536330,WODDS112421_1BesiktasAjax,6923,258,258,1747.8
BETR62447583,WODDS112421_1BesiktasAjax,1815,66,66,156
BETR34979395,WODDS112421_1BesiktasAjax,4200,84,84,118
BETR33833230,WODDS112421_1BesiktasAjax,3680,184,184,675.32
BETR29955977,WODDS112421_1BesiktasAjax,53590,2563,2563,3305.5
BETR93556889,WODDS112421_1BesiktasAjax,18640,932,932,394.04
BETR73952366,WODDS112421_1BesiktasAjax,800,32,32,75.5
BETR47842785,WODDS112421_1BesiktasAjax,400,16,16,83.22
BETR74563363,WODDS112421_1BesiktasAjax,2640,132,132,109.89
BETR29226725,WODDS112421_1BesiktasAjax,1520,38,38,100.4
BETR95425275,WODDS112421_1BesiktasAjax,12749,671,671,1012.33
BETR39549791,WODDS112421_1BesiktasAjax,34960,608,608,12571.52
BETR33556580,WODDS112421_1BesiktasAjax,2255,82,82,342.64
BETR28732739,WODDS112421_1BesiktasAjax,920,46,46,32
BETR34894735,WODDS112421_1BesiktasAjax,1855,159,159,166.5
BETR59524723,WODDS112421_1BesiktasAjax,15840,924,924,3002.16
BETR55858952,WODDS112421_1BesiktasAjax,440,22,22,30.5
BETR86483369,WODDS112421_1BesiktasAjax,2035,185,185,310
BETR84267459,WODDS112421_1BesiktasAjax,2700,144,144,297.2
BETR65644682,WODDS112421_1BesiktasAjax,1000,16,16,320
BETR26232989,WODDS112421_1BesiktasAjax,270,18,18,165
BETR56646480,WODDS112421_1BesiktasAjax,6290,222,222,1133.52
BETR34623557,WODDS112421_1BesiktasAjax,736000,480,480,89782.26
BETR65764595,WODDS112421_1BesiktasAjax,775,62,62,127.14
BETR88744451,WODDS112421_1BesiktasAjax,22910,638,638,661.76
BETR23447492,WODDS112421_1BesiktasAjax,1640,82,82,77.4
BETR99976575,WODDS112421_1BesiktasAjax,20,1,1,5
BETR29885434,WODDS112421_1BesiktasAjax,4000,40,40,129.55
BETR34786870,WODDS112421_1BesiktasAjax,2400,96,96,87.44
BETR85682923,WODDS112421_1BesiktasAjax,20,1,1,20
BETR85326391,WODDS112421_1BesiktasAjax,220,11,11,50
BETR83749956,WODDS112421_1BesiktasAjax,696,28,28,70
BETR63824345,WODDS112421_1BesiktasAjax,1580,79,79,65
BETR68332456,WODDS112421_1BesiktasAjax,2140,107,107,383.96
BETR53442924,WODDS112421_1BesiktasAjax,46528,1920,1920,5850
BETR75467691,WODDS112421_1BesiktasAjax,4000,200,200,406.3
BETR97928996,WODDS112421_1BesiktasAjax,10395,792,792,1322
BETR72922896,WODDS112421_1BesiktasAjax,2975,210,210,335.94
BETR83954756,WODDS112421_1BesiktasAjax,280,14,14,60
BETR32723266,WODDS112421_1BesiktasAjax,280,14,14,21.5
BETR85223553,WODDS112421_1BesiktasAjax,10160,144,144,8298
BETR75699733,WODDS112421_1BesiktasAjax,210,21,21,102.36
BETR78698658,WODDS112421_1BesiktasAjax,140,2,2,70
BETR97788330,WODDS112421_1BesiktasAjax,420,21,21,50
BETR49876597,WODDS112421_1BesiktasAjax,21750,195,195,325
BETR55985344,WODDS112421_1BesiktasAjax,470,20,20,80
BETR92633482,WODDS112421_1BesiktasAjax,10800,40,40,1881.9
BETR89932727,WODDS112421_1BesiktasAjax,660,33,33,112.77
BETR74673895,WODDS112421_1BesiktasAjax,246836.6,1700,1700,24809.9
BETR29386238,WODDS112421_1BesiktasAjax,2926,152,152,1306.96
BETR33494226,WODDS112421_1BesiktasAjax,9316,680,680,580
BETR63553245,WODDS112421_1BesiktasAjax,8990,174,174,396
BETR35395347,WODDS112421_1BesiktasAjax,155,3,3,15
BETR96956952,WODDS112421_1BesiktasAjax,420,21,21,112.5
BETR58466932,WODDS112421_1BesiktasAjax,60,3,3,25
BETR88586242,WODDS112421_1BesiktasAjax,100,4,4,20